ISO-10303-21;
HEADER;
FILE_DESCRIPTION (( 'STEP AP214' ),
    '1' );
FILE_NAME ('Nebula camera mount Prusa Mk4s.STEP',
    '2026-02-23T15:18:34',
    ( '' ),
    ( '' ),
    'SwSTEP 2.0',
    'SolidWorks 2022',
    '' );
FILE_SCHEMA (( 'AUTOMOTIVE_DESIGN' ));
ENDSEC;

DATA;
#1 = DIRECTION ( 'NONE',  ( -1.000000000000000000, -0.000000000000000000, -0.000000000000000000 ) ) ;
#2 = VECTOR ( 'NONE', #1130, 1.000000000000000000 ) ;
#3 = ORIENTED_EDGE ( 'NONE', *, *, #1247, .T. ) ;
#4 = CARTESIAN_POINT ( 'NONE',  ( 0.000000000000000000, 0.01009400000000000575, -0.003000000000000006134 ) ) ;
#5 = VECTOR ( 'NONE', #1345, 1.000000000000000000 ) ;
#6 = EDGE_CURVE ( 'NONE', #408, #19, #1107, .T. ) ;
#7 = DIRECTION ( 'NONE',  ( 0.000000000000000000, 0.000000000000000000, 1.000000000000000000 ) ) ;
#8 = ORIENTED_EDGE ( 'NONE', *, *, #1004, .F. ) ;
#9 = CARTESIAN_POINT ( 'NONE',  ( -0.03400000000000001632, 0.01388299999999999951, -0.004700000000000004521 ) ) ;
#10 = AXIS2_PLACEMENT_3D ( 'NONE', #504, #1249, #928 ) ;
#11 = ORIENTED_EDGE ( 'NONE', *, *, #651, .F. ) ;
#12 = LINE ( 'NONE', #853, #743 ) ;
#13 = EDGE_CURVE ( 'NONE', #97, #555, #1224, .T. ) ;
#14 = ADVANCED_FACE ( 'NONE', ( #271 ), #154, .F. ) ;
#15 = CARTESIAN_POINT ( 'NONE',  ( -0.03400000000000001632, 0.02148300000000000209, -0.02300000000000000655 ) ) ;
#16 = ORIENTED_EDGE ( 'NONE', *, *, #438, .T. ) ;
#17 = EDGE_CURVE ( 'NONE', #1157, #1066, #163, .T. ) ;
#18 = DIRECTION ( 'NONE',  ( 0.000000000000000000, 0.000000000000000000, 1.000000000000000000 ) ) ;
#19 = VERTEX_POINT ( 'NONE', #780 ) ;
#20 = DIRECTION ( 'NONE',  ( 0.000000000000000000, 0.000000000000000000, 1.000000000000000000 ) ) ;
#21 = CARTESIAN_POINT ( 'NONE',  ( -0.03700000000000000511, 0.01388299999999999951, -0.006500000000000004038 ) ) ;
#22 = ORIENTED_EDGE ( 'NONE', *, *, #1251, .T. ) ;
#23 = CARTESIAN_POINT ( 'NONE',  ( -0.03850000000000002032, -0.02650599999999999484, 0.000000000000000000 ) ) ;
#24 = EDGE_LOOP ( 'NONE', ( #294, #339, #771, #1159 ) ) ;
#25 = VECTOR ( 'NONE', #804, 1.000000000000000000 ) ;
#26 = CARTESIAN_POINT ( 'NONE',  ( -0.04223205080756885915, 0.009094000000000008327, -0.02300000000000000655 ) ) ;
#27 = VECTOR ( 'NONE', #7, 1.000000000000000000 ) ;
#28 = DIRECTION ( 'NONE',  ( -1.000000000000000000, -0.000000000000000000, -0.000000000000000000 ) ) ;
#29 = AXIS2_PLACEMENT_3D ( 'NONE', #822, #1122, #173 ) ;
#30 = ORIENTED_EDGE ( 'NONE', *, *, #1330, .T. ) ;
#31 = APPLICATION_PROTOCOL_DEFINITION ( 'draft international standard', 'automotive_design', 1998, #1331 ) ;
#32 = ADVANCED_FACE ( 'NONE', ( #691 ), #1094, .F. ) ;
#33 = ORIENTED_EDGE ( 'NONE', *, *, #1251, .F. ) ;
#34 = CARTESIAN_POINT ( 'NONE',  ( -0.04249999999999998224, -0.02350600000000000259, -0.003000000000000006134 ) ) ;
#35 = CARTESIAN_POINT ( 'NONE',  ( -0.03700000000000000511, 0.01309400000000000841, -0.03172138177125621850 ) ) ;
#36 = LINE ( 'NONE', #647, #478 ) ;
#37 = ORIENTED_EDGE ( 'NONE', *, *, #86, .T. ) ;
#38 = ADVANCED_FACE ( 'NONE', ( #564 ), #984, .F. ) ;
#39 = ORIENTED_EDGE ( 'NONE', *, *, #864, .T. ) ;
#40 = LINE ( 'NONE', #489, #318 ) ;
#41 = CYLINDRICAL_SURFACE ( 'NONE', #565, 0.003349999999999998812 ) ;
#42 = EDGE_CURVE ( 'NONE', #1050, #664, #248, .T. ) ;
#43 = EDGE_LOOP ( 'NONE', ( #1351, #415, #132, #1169 ) ) ;
#44 = ORIENTED_EDGE ( 'NONE', *, *, #786, .F. ) ;
#45 = DIRECTION ( 'NONE',  ( 0.000000000000000000, 0.000000000000000000, -1.000000000000000000 ) ) ;
#46 = VECTOR ( 'NONE', #224, 0.9999999999999998890 ) ;
#47 = CARTESIAN_POINT ( 'NONE',  ( -0.03400000000000000244, -0.02500600000000000045, 0.000000000000000000 ) ) ;
#48 = DIRECTION ( 'NONE',  ( 0.000000000000000000, 0.000000000000000000, 1.000000000000000000 ) ) ;
#49 = AXIS2_PLACEMENT_3D ( 'NONE', #662, #246, #138 ) ;
#50 = CARTESIAN_POINT ( 'NONE',  ( -0.03700000000000000511, 0.000000000000000000, -0.03172138177125621850 ) ) ;
#51 = VERTEX_POINT ( 'NONE', #186 ) ;
#52 = SURFACE_STYLE_USAGE ( .BOTH. , #782 ) ;
#53 = LINE ( 'NONE', #35, #25 ) ;
#54 = CARTESIAN_POINT ( 'NONE',  ( -0.03700000000000000511, 0.01388299999999999951, -0.009875000000000003567 ) ) ;
#55 = ORIENTED_EDGE ( 'NONE', *, *, #1360, .T. ) ;
#56 = ORIENTED_EDGE ( 'NONE', *, *, #17, .T. ) ;
#57 = DIRECTION ( 'NONE',  ( 0.2588190451025146888, 0.9659258262890699775, 0.000000000000000000 ) ) ;
#58 = AXIS2_PLACEMENT_3D ( 'NONE', #1033, #830, #1052 ) ;
#59 = CARTESIAN_POINT ( 'NONE',  ( -0.03700000000000000511, 0.01388299999999999951, -0.006500000000000004038 ) ) ;
#60 = LINE ( 'NONE', #594, #792 ) ;
#61 = FACE_OUTER_BOUND ( 'NONE', #1204, .T. ) ;
#62 = DIRECTION ( 'NONE',  ( 1.000000000000000000, 2.985176667128666934E-16, -0.000000000000000000 ) ) ;
#63 = EDGE_LOOP ( 'NONE', ( #1301, #311 ) ) ;
#64 = CARTESIAN_POINT ( 'NONE',  ( -0.03400000000000001632, 0.02148300000000000209, -0.06958569652801169236 ) ) ;
#65 = VECTOR ( 'NONE', #469, 1.000000000000000000 ) ;
#66 = PRODUCT ( 'Part2^Nebula camera mount Prusa Mk4s', 'Part2^Nebula camera mount Prusa Mk4s', '', ( #563 ) ) ;
#67 = DIRECTION ( 'NONE',  ( 0.000000000000000000, 0.000000000000000000, 1.000000000000000000 ) ) ;
#68 = VECTOR ( 'NONE', #1098, 1.000000000000000000 ) ;
#69 = CARTESIAN_POINT ( 'NONE',  ( -0.04475000000000001199, 0.01309400000000000841, -0.02300000000000000655 ) ) ;
#70 = ORIENTED_EDGE ( 'NONE', *, *, #717, .T. ) ;
#71 = CARTESIAN_POINT ( 'NONE',  ( -0.04129999999999998950, 0.01009400000000000575, -0.003000000000000006134 ) ) ;
#72 = ORIENTED_EDGE ( 'NONE', *, *, #1102, .F. ) ;
#73 = DIRECTION ( 'NONE',  ( 0.000000000000000000, 0.000000000000000000, 1.000000000000000000 ) ) ;
#74 = DIRECTION ( 'NONE',  ( 0.000000000000000000, 0.000000000000000000, 1.000000000000000000 ) ) ;
#75 = PLANE ( 'NONE',  #587 ) ;
#76 = VERTEX_POINT ( 'NONE', #278 ) ;
#77 = DIRECTION ( 'NONE',  ( -1.000000000000000000, 0.000000000000000000, 0.000000000000000000 ) ) ;
#78 = ADVANCED_FACE ( 'NONE', ( #1042 ), #823, .F. ) ;
#79 = ORIENTED_EDGE ( 'NONE', *, *, #506, .T. ) ;
#80 = UNCERTAINTY_MEASURE_WITH_UNIT (LENGTH_MEASURE( 1.000000000000000082E-05 ), #661, 'distance_accuracy_value', 'NONE');
#81 =( GEOMETRIC_REPRESENTATION_CONTEXT ( 3 ) GLOBAL_UNCERTAINTY_ASSIGNED_CONTEXT ( ( #80 ) ) GLOBAL_UNIT_ASSIGNED_CONTEXT ( ( #661, #1289, #353 ) ) REPRESENTATION_CONTEXT ( 'NONE', 'WORKASPACE' ) );
#82 = DIRECTION ( 'NONE',  ( 0.000000000000000000, 0.000000000000000000, 1.000000000000000000 ) ) ;
#83 = CARTESIAN_POINT ( 'NONE',  ( -0.03700000000000000511, -0.02350599999999999912, -0.03172138177125621850 ) ) ;
#84 = EDGE_LOOP ( 'NONE', ( #846, #873, #1081, #495 ) ) ;
#85 = DIRECTION ( 'NONE',  ( 0.000000000000000000, 1.000000000000000000, -0.000000000000000000 ) ) ;
#86 = EDGE_CURVE ( 'NONE', #369, #1320, #940, .T. ) ;
#87 = LINE ( 'NONE', #1060, #983 ) ;
#88 = VECTOR ( 'NONE', #1241, 1.000000000000000000 ) ;
#89 = VERTEX_POINT ( 'NONE', #516 ) ;
#90 = PRODUCT_CONTEXT ( 'NONE', #590, 'mechanical' ) ;
#91 = CONICAL_SURFACE ( 'NONE', #857, 0.003374999999999999528, 0.7853981633975176679 ) ;
#92 = CARTESIAN_POINT ( 'NONE',  ( -0.03400000000000000244, -0.02500600000000000045, -0.06958569652801169236 ) ) ;
#93 = ORIENTED_EDGE ( 'NONE', *, *, #1147, .T. ) ;
#94 = AXIS2_PLACEMENT_3D ( 'NONE', #1194, #439, #1300 ) ;
#95 = LINE ( 'NONE', #821, #1348 ) ;
#96 = CARTESIAN_POINT ( 'NONE',  ( -0.03697500000000000786, 0.01388299999999999951, -0.003150000000000005226 ) ) ;
#97 = VERTEX_POINT ( 'NONE', #1036 ) ;
#98 = DIRECTION ( 'NONE',  ( -1.000000000000000000, -0.000000000000000000, -0.000000000000000000 ) ) ;
#99 = CARTESIAN_POINT ( 'NONE',  ( -0.03700000000000000511, -0.02350599999999999912, -0.02300000000000000655 ) ) ;
#100 = DIRECTION ( 'NONE',  ( -1.000000000000000000, -0.000000000000000000, -0.000000000000000000 ) ) ;
#101 = ORIENTED_EDGE ( 'NONE', *, *, #399, .F. ) ;
#102 = CARTESIAN_POINT ( 'NONE',  ( -0.03700000000000000511, 0.01388299999999999951, -0.01450000000000000594 ) ) ;
#103 = ORIENTED_EDGE ( 'NONE', *, *, #998, .F. ) ;
#104 = EDGE_CURVE ( 'NONE', #119, #369, #1368, .T. ) ;
#105 = LINE ( 'NONE', #542, #1186 ) ;
#106 = CARTESIAN_POINT ( 'NONE',  ( -0.04475000000000001199, 0.01388299999999999951, -0.01450000000000000594 ) ) ;
#107 = ORIENTED_EDGE ( 'NONE', *, *, #1253, .F. ) ;
#108 = VECTOR ( 'NONE', #967, 1.000000000000000000 ) ;
#109 = EDGE_CURVE ( 'NONE', #927, #191, #982, .T. ) ;
#110 = CARTESIAN_POINT ( 'NONE',  ( -0.04700000000000001399, 0.01388299999999999951, -0.006500000000000004038 ) ) ;
#111 = VERTEX_POINT ( 'NONE', #1137 ) ;
#112 = ADVANCED_FACE ( 'NONE', ( #934 ), #75, .F. ) ;
#113 = LINE ( 'NONE', #874, #544 ) ;
#114 = COLOUR_RGB ( '',0.7921568627450980005, 0.8196078431372548767, 0.9333333333333333481 ) ;
#115 = LINE ( 'NONE', #1197, #452 ) ;
#116 = EDGE_CURVE ( 'NONE', #142, #1242, #1363, .T. ) ;
#117 = VERTEX_POINT ( 'NONE', #834 ) ;
#118 = CARTESIAN_POINT ( 'NONE',  ( -0.03400000000000000244, -0.02500600000000000045, -0.02300000000000000655 ) ) ;
#119 = VERTEX_POINT ( 'NONE', #302 ) ;
#120 = DIRECTION ( 'NONE',  ( 0.000000000000000000, 0.000000000000000000, 1.000000000000000000 ) ) ;
#121 = CARTESIAN_POINT ( 'NONE',  ( -0.03700000000000000511, 0.01309400000000000841, -0.03172138177125621850 ) ) ;
#122 = ORIENTED_EDGE ( 'NONE', *, *, #1253, .T. ) ;
#123 = DIRECTION ( 'NONE',  ( 0.000000000000000000, 0.000000000000000000, 1.000000000000000000 ) ) ;
#124 = ORIENTED_EDGE ( 'NONE', *, *, #1208, .F. ) ;
#125 = APPLICATION_CONTEXT ( 'automotive_design' ) ;
#126 = DIRECTION ( 'NONE',  ( 1.000000000000000000, 0.000000000000000000, 0.000000000000000000 ) ) ;
#127 = CARTESIAN_POINT ( 'NONE',  ( -0.04105692458814873269, 0.01100116978709968218, -0.003000000000000006134 ) ) ;
#128 = SHAPE_REPRESENTATION ( 'Nebula camera mount Prusa Mk4s', ( #512, #1154 ), #81 ) ;
#129 = EDGE_CURVE ( 'NONE', #1078, #425, #1254, .T. ) ;
#130 = ORIENTED_EDGE ( 'NONE', *, *, #683, .T. ) ;
#131 = DIRECTION ( 'NONE',  ( 0.2588190451025209060, 0.9659258262890683122, 0.000000000000000000 ) ) ;
#132 = ORIENTED_EDGE ( 'NONE', *, *, #1026, .T. ) ;
#133 = CIRCLE ( 'NONE', #1232, 0.003349999999999998812 ) ;
#134 = LINE ( 'NONE', #1212, #914 ) ;
#135 = CIRCLE ( 'NONE', #808, 0.001799999999999999517 ) ;
#136 = VECTOR ( 'NONE', #1252, 1.000000000000000000 ) ;
#137 = CARTESIAN_POINT ( 'NONE',  ( -0.03700000000000000511, 0.01309400000000000841, -0.009755760894168985856 ) ) ;
#138 = DIRECTION ( 'NONE',  ( 0.000000000000000000, 0.000000000000000000, 1.000000000000000000 ) ) ;
#139 = VECTOR ( 'NONE', #559, 1.000000000000000000 ) ;
#140 = EDGE_LOOP ( 'NONE', ( #1370, #1063, #788, #672, #730, #796 ) ) ;
#141 = EDGE_CURVE ( 'NONE', #180, #232, #1017, .T. ) ;
#142 = VERTEX_POINT ( 'NONE', #310 ) ;
#143 = CARTESIAN_POINT ( 'NONE',  ( -0.03400000000000000244, -0.02500600000000000045, -0.02300000000000000655 ) ) ;
#144 = EDGE_CURVE ( 'NONE', #910, #666, #1049, .T. ) ;
#145 = DIRECTION ( 'NONE',  ( -2.985176667128666441E-16, 1.000000000000000000, 0.000000000000000000 ) ) ;
#146 =( LENGTH_UNIT ( ) NAMED_UNIT ( * ) SI_UNIT ( $, .METRE. ) );
#147 = ORIENTED_EDGE ( 'NONE', *, *, #342, .T. ) ;
#148 = ORIENTED_EDGE ( 'NONE', *, *, #838, .T. ) ;
#149 = PRODUCT_DEFINITION_FORMATION_WITH_SPECIFIED_SOURCE ( 'ANY', '', #66, .NOT_KNOWN. ) ;
#150 = FILL_AREA_STYLE ('',( #1089 ) ) ;
#151 = EDGE_CURVE ( 'NONE', #175, #1061, #174, .T. ) ;
#152 = DIRECTION ( 'NONE',  ( 1.000000000000000000, 0.000000000000000000, 0.000000000000000000 ) ) ;
#153 = CARTESIAN_POINT ( 'NONE',  ( -0.03700000000000000511, -0.02500600000000000045, -0.02300000000000000655 ) ) ;
#154 = CYLINDRICAL_SURFACE ( 'NONE', #588, 0.003349999999999998812 ) ;
#155 = ORIENTED_EDGE ( 'NONE', *, *, #688, .T. ) ;
#156 = EDGE_CURVE ( 'NONE', #1259, #209, #766, .T. ) ;
#157 = DIRECTION ( 'NONE',  ( 0.000000000000000000, 0.000000000000000000, 1.000000000000000000 ) ) ;
#158 = EDGE_CURVE ( 'NONE', #488, #624, #285, .T. ) ;
#159 = PRODUCT_DEFINITION_SHAPE ( 'NONE', 'NONE',  #1391 ) ;
#160 = VECTOR ( 'NONE', #726, 1.000000000000000000 ) ;
#161 = FACE_OUTER_BOUND ( 'NONE', #226, .T. ) ;
#162 = CARTESIAN_POINT ( 'NONE',  ( 0.000000000000000000, 0.01309400000000000841, 0.000000000000000000 ) ) ;
#163 = CIRCLE ( 'NONE', #944, 0.003349999999999998812 ) ;
#164 = VECTOR ( 'NONE', #773, 1.000000000000000000 ) ;
#165 = LINE ( 'NONE', #391, #701 ) ;
#166 = VECTOR ( 'NONE', #806, 1.000000000000000000 ) ;
#167 = VERTEX_POINT ( 'NONE', #608 ) ;
#168 = ORIENTED_EDGE ( 'NONE', *, *, #1018, .T. ) ;
#169 = DIRECTION ( 'NONE',  ( 0.000000000000000000, 1.000000000000000000, 0.000000000000000000 ) ) ;
#170 = CARTESIAN_POINT ( 'NONE',  ( -0.04475000000000001199, -0.02350599999999999912, -0.003000000000000006134 ) ) ;
#171 = SURFACE_STYLE_USAGE ( .BOTH. , #682 ) ;
#172 = CIRCLE ( 'NONE', #10, 0.003349999999999998812 ) ;
#173 = DIRECTION ( 'NONE',  ( 0.000000000000000000, 0.000000000000000000, 1.000000000000000000 ) ) ;
#174 = LINE ( 'NONE', #493, #1138 ) ;
#175 = VERTEX_POINT ( 'NONE', #69 ) ;
#176 = PLANE ( 'NONE',  #1293 ) ;
#177 = CARTESIAN_POINT ( 'NONE',  ( -0.03400000000000000244, -0.02500600000000000045, -0.02300000000000000655 ) ) ;
#178 = CARTESIAN_POINT ( 'NONE',  ( -0.03377653983041929708, 0.009050396570678506669, -0.03172138177125621850 ) ) ;
#179 = DIRECTION ( 'NONE',  ( 0.000000000000000000, -1.000000000000000000, 0.000000000000000000 ) ) ;
#180 = VERTEX_POINT ( 'NONE', #502 ) ;
#181 = CARTESIAN_POINT ( 'NONE',  ( -0.03700000000000000511, 0.01388299999999999951, -0.01630000000000000546 ) ) ;
#182 = ORIENTED_EDGE ( 'NONE', *, *, #633, .F. ) ;
#183 = AXIS2_PLACEMENT_3D ( 'NONE', #299, #1143, #660 ) ;
#184 = FACE_OUTER_BOUND ( 'NONE', #848, .T. ) ;
#185 = CIRCLE ( 'NONE', #1005, 0.003374999999999999528 ) ;
#186 = CARTESIAN_POINT ( 'NONE',  ( -0.03700000000000000511, 0.01388299999999999951, -0.01112500000000000641 ) ) ;
#187 = ADVANCED_FACE ( 'NONE', ( #926 ), #1356, .F. ) ;
#188 = VECTOR ( 'NONE', #1015, 1.000000000000000000 ) ;
#189 = EDGE_LOOP ( 'NONE', ( #1316, #1176, #509, #790, #1151, #1274, #696, #1195, #458, #329, #749, #719 ) ) ;
#190 = DIRECTION ( 'NONE',  ( 0.000000000000000000, 0.000000000000000000, 1.000000000000000000 ) ) ;
#191 = VERTEX_POINT ( 'NONE', #600 ) ;
#192 = EDGE_CURVE ( 'NONE', #232, #532, #185, .T. ) ;
#193 = CARTESIAN_POINT ( 'NONE',  ( -0.03700000000000000511, 0.01388299999999999951, -0.01450000000000000594 ) ) ;
#194 = DIRECTION ( 'NONE',  ( -0.2588190451025209060, 0.9659258262890683122, -0.000000000000000000 ) ) ;
#195 = EDGE_LOOP ( 'NONE', ( #44, #632 ) ) ;
#196 = DIRECTION ( 'NONE',  ( -1.000000000000000000, 0.000000000000000000, 0.000000000000000000 ) ) ;
#197 = ORIENTED_EDGE ( 'NONE', *, *, #220, .T. ) ;
#198 = FACE_OUTER_BOUND ( 'NONE', #24, .T. ) ;
#199 = CARTESIAN_POINT ( 'NONE',  ( -0.03377653983041929708, 0.009050396570678506669, -0.02300000000000000655 ) ) ;
#200 = ORIENTED_EDGE ( 'NONE', *, *, #412, .T. ) ;
#201 = DIRECTION ( 'NONE',  ( -0.000000000000000000, 1.000000000000000000, 0.000000000000000000 ) ) ;
#202 = ORIENTED_EDGE ( 'NONE', *, *, #267, .T. ) ;
#203 = AXIS2_PLACEMENT_3D ( 'NONE', #569, #679, #45 ) ;
#204 = DIRECTION ( 'NONE',  ( 1.000000000000000000, 2.985176667128666934E-16, -0.000000000000000000 ) ) ;
#205 = CIRCLE ( 'NONE', #387, 0.003349999999999998812 ) ;
#206 = VERTEX_POINT ( 'NONE', #1090 ) ;
#207 = AXIS2_PLACEMENT_3D ( 'NONE', #955, #1262, #82 ) ;
#208 = DIRECTION ( 'NONE',  ( -1.000000000000000000, -0.000000000000000000, -0.000000000000000000 ) ) ;
#209 = VERTEX_POINT ( 'NONE', #1221 ) ;
#210 = CIRCLE ( 'NONE', #570, 0.003349999999999998812 ) ;
#211 = DIRECTION ( 'NONE',  ( 0.000000000000000000, 0.000000000000000000, 1.000000000000000000 ) ) ;
#212 = CARTESIAN_POINT ( 'NONE',  ( -0.04129999999999998950, -0.02350599999999999912, -0.03172138177125621850 ) ) ;
#213 = EDGE_CURVE ( 'NONE', #859, #488, #1014, .T. ) ;
#214 = ORIENTED_EDGE ( 'NONE', *, *, #258, .F. ) ;
#215 = CARTESIAN_POINT ( 'NONE',  ( -0.03700000000000000511, 0.01309400000000000841, -0.03172138177125621850 ) ) ;
#216 = ORIENTED_EDGE ( 'NONE', *, *, #435, .F. ) ;
#217 = DIRECTION ( 'NONE',  ( -0.7071067811864985009, 0.000000000000000000, 0.7071067811865965336 ) ) ;
#218 = CARTESIAN_POINT ( 'NONE',  ( -0.03700000000000000511, -0.02500600000000000045, 0.000000000000000000 ) ) ;
#219 = ADVANCED_FACE ( 'NONE', ( #900, #894 ), #1119, .F. ) ;
#220 = EDGE_CURVE ( 'NONE', #579, #1386, #133, .T. ) ;
#221 = ORIENTED_EDGE ( 'NONE', *, *, #619, .F. ) ;
#222 = DIRECTION ( 'NONE',  ( 1.000000000000000000, 0.000000000000000000, 0.000000000000000000 ) ) ;
#223 = ORIENTED_EDGE ( 'NONE', *, *, #778, .T. ) ;
#224 = DIRECTION ( 'NONE',  ( 0.2588190451025146888, -0.9659258262890699775, 0.000000000000000000 ) ) ;
#225 = LINE ( 'NONE', #121, #27 ) ;
#226 = EDGE_LOOP ( 'NONE', ( #697, #1299, #33, #336 ) ) ;
#227 = EDGE_CURVE ( 'NONE', #1157, #1321, #996, .T. ) ;
#228 = APPLICATION_PROTOCOL_DEFINITION ( 'draft international standard', 'automotive_design', 1998, #590 ) ;
#229 = AXIS2_PLACEMENT_3D ( 'NONE', #882, #317, #1387 ) ;
#230 = CARTESIAN_POINT ( 'NONE',  ( -0.005996999999999787223, 0.005996999999999856612, -0.03172138177125621850 ) ) ;
#231 = CLOSED_SHELL ( 'NONE', ( #783, #966, #1121, #1167, #14, #763, #831, #38, #1180, #187, #112, #1024, #1149, #470, #517, #994, #263, #1040, #1354, #646, #656, #735, #759, #715, #461, #1074, #1323, #219, #410, #1174, #975, #514, #291, #1285, #855, #78, #513, #367, #32, #487, #496, #791 ) ) ;
#232 = VERTEX_POINT ( 'NONE', #988 ) ;
#233 = CARTESIAN_POINT ( 'NONE',  ( 0.000000000000000000, 0.000000000000000000, 0.000000000000000000 ) ) ;
#234 = CIRCLE ( 'NONE', #207, 0.003374999999999999528 ) ;
#235 = CARTESIAN_POINT ( 'NONE',  ( -0.03700000000000000511, 0.01388299999999999951, -0.01450000000000000594 ) ) ;
#236 = ORIENTED_EDGE ( 'NONE', *, *, #1102, .T. ) ;
#237 = PLANE ( 'NONE',  #392 ) ;
#238 = VERTEX_POINT ( 'NONE', #694 ) ;
#239 = LINE ( 'NONE', #434, #428 ) ;
#240 = EDGE_CURVE ( 'NONE', #262, #597, #1325, .T. ) ;
#241 = DIRECTION ( 'NONE',  ( -0.7071067811864985009, 8.659560562355533132E-17, -0.7071067811865965336 ) ) ;
#242 = CARTESIAN_POINT ( 'NONE',  ( -0.03700000000000000511, 0.01388299999999999951, -0.006500000000000004038 ) ) ;
#243 = PLANE ( 'NONE',  #1165 ) ;
#244 = ORIENTED_EDGE ( 'NONE', *, *, #1258, .T. ) ;
#245 = DIRECTION ( 'NONE',  ( -1.000000000000000000, -0.000000000000000000, -0.000000000000000000 ) ) ;
#246 = DIRECTION ( 'NONE',  ( -1.000000000000000000, -0.000000000000000000, -0.000000000000000000 ) ) ;
#247 = EDGE_CURVE ( 'NONE', #976, #232, #475, .T. ) ;
#248 = LINE ( 'NONE', #675, #523 ) ;
#249 = ORIENTED_EDGE ( 'NONE', *, *, #931, .F. ) ;
#250 = EDGE_CURVE ( 'NONE', #232, #1225, #53, .T. ) ;
#251 = CARTESIAN_POINT ( 'NONE',  ( -0.03700000000000000511, 0.01388299999999999951, -0.008300000000000003555 ) ) ;
#252 =( GEOMETRIC_REPRESENTATION_CONTEXT ( 3 ) GLOBAL_UNCERTAINTY_ASSIGNED_CONTEXT ( ( #1213 ) ) GLOBAL_UNIT_ASSIGNED_CONTEXT ( ( #1118, #687, #1336 ) ) REPRESENTATION_CONTEXT ( 'NONE', 'WORKASPACE' ) );
#253 = VECTOR ( 'NONE', #338, 0.9999999999999998890 ) ;
#254 = PLANE ( 'NONE',  #341 ) ;
#255 = FILL_AREA_STYLE_COLOUR ( '', #114 ) ;
#256 = AXIS2_PLACEMENT_3D ( 'NONE', #110, #222, #649 ) ;
#257 = ORIENTED_EDGE ( 'NONE', *, *, #283, .T. ) ;
#258 = EDGE_CURVE ( 'NONE', #904, #947, #1229, .T. ) ;
#259 = EDGE_LOOP ( 'NONE', ( #802, #905, #1248, #214, #1256, #1056, #202, #1266 ) ) ;
#260 = CARTESIAN_POINT ( 'NONE',  ( -0.03535000000000000642, 0.01388299999999999951, -0.006500000000000004038 ) ) ;
#261 = DIRECTION ( 'NONE',  ( 0.9659258262890699775, -0.2588190451025146888, 0.000000000000000000 ) ) ;
#262 = VERTEX_POINT ( 'NONE', #281 ) ;
#263 = ADVANCED_FACE ( 'NONE', ( #161 ), #254, .T. ) ;
#264 = EDGE_CURVE ( 'NONE', #1242, #597, #797, .T. ) ;
#265 = ORIENTED_EDGE ( 'NONE', *, *, #902, .T. ) ;
#266 = CARTESIAN_POINT ( 'NONE',  ( -0.04475000000000001199, -0.02350599999999999912, -0.03172138177125621850 ) ) ;
#267 = EDGE_CURVE ( 'NONE', #978, #97, #1338, .T. ) ;
#268 = CARTESIAN_POINT ( 'NONE',  ( -0.03700000000000000511, 0.01388299999999999951, -0.009850000000000002850 ) ) ;
#269 = CARTESIAN_POINT ( 'NONE',  ( -0.03697500000000000786, 0.01388299999999999951, -0.01785000000000000475 ) ) ;
#270 = CARTESIAN_POINT ( 'NONE',  ( -0.03700000000000000511, 0.01009400000000000575, -0.02300000000000000655 ) ) ;
#271 = FACE_OUTER_BOUND ( 'NONE', #316, .T. ) ;
#272 = VERTEX_POINT ( 'NONE', #275 ) ;
#273 = CARTESIAN_POINT ( 'NONE',  ( -0.03697500000000000786, 0.01388299999999999951, -0.01115000000000000713 ) ) ;
#274 = AXIS2_PLACEMENT_3D ( 'NONE', #479, #1010, #1207 ) ;
#275 = CARTESIAN_POINT ( 'NONE',  ( -0.04156794919243111952, 0.009094000000000004857, -0.02300000000000000655 ) ) ;
#276 = CARTESIAN_POINT ( 'NONE',  ( -0.04156794919243111952, 0.009094000000000004857, -0.03172138177125621850 ) ) ;
#277 = VECTOR ( 'NONE', #596, 1.000000000000000000 ) ;
#278 = CARTESIAN_POINT ( 'NONE',  ( -0.04223205080756886609, -0.02250600000000000517, -0.02300000000000000655 ) ) ;
#279 = ORIENTED_EDGE ( 'NONE', *, *, #13, .F. ) ;
#280 = FACE_OUTER_BOUND ( 'NONE', #466, .T. ) ;
#281 = CARTESIAN_POINT ( 'NONE',  ( -0.04249999999999998224, -0.02350599999999999912, -0.02300000000000000655 ) ) ;
#282 = DIRECTION ( 'NONE',  ( 1.000000000000000000, 0.000000000000000000, 0.000000000000000000 ) ) ;
#283 = EDGE_CURVE ( 'NONE', #1066, #1157, #205, .T. ) ;
#284 = LINE ( 'NONE', #1011, #347 ) ;
#285 = LINE ( 'NONE', #709, #2 ) ;
#286 = ORIENTED_EDGE ( 'NONE', *, *, #477, .T. ) ;
#287 = CARTESIAN_POINT ( 'NONE',  ( -0.03700000000000000511, 0.01388299999999999951, -0.006500000000000004038 ) ) ;
#288 = EDGE_LOOP ( 'NONE', ( #304, #448, #936, #852 ) ) ;
#289 = DIRECTION ( 'NONE',  ( 0.000000000000000000, 0.000000000000000000, 1.000000000000000000 ) ) ;
#290 = EDGE_CURVE ( 'NONE', #1125, #844, #471, .T. ) ;
#291 = ADVANCED_FACE ( 'NONE', ( #577 ), #41, .F. ) ;
#292 = DIRECTION ( 'NONE',  ( -0.7071067811865516806, -0.7071067811865434649, 0.000000000000000000 ) ) ;
#293 = DIRECTION ( 'NONE',  ( 0.000000000000000000, 0.000000000000000000, 1.000000000000000000 ) ) ;
#294 = ORIENTED_EDGE ( 'NONE', *, *, #633, .T. ) ;
#295 = PLANE ( 'NONE',  #308 ) ;
#296 = VECTOR ( 'NONE', #157, 1.000000000000000000 ) ;
#297 = VERTEX_POINT ( 'NONE', #137 ) ;
#298 = EDGE_CURVE ( 'NONE', #1163, #486, #463, .T. ) ;
#299 = CARTESIAN_POINT ( 'NONE',  ( -0.03700000000000000511, 0.000000000000000000, -0.03172138177125621850 ) ) ;
#300 = CIRCLE ( 'NONE', #1071, 0.003374999999999999528 ) ;
#301 = DIRECTION ( 'NONE',  ( -1.000000000000000000, -0.000000000000000000, -0.000000000000000000 ) ) ;
#302 = CARTESIAN_POINT ( 'NONE',  ( -0.04129999999999998950, -0.02350599999999999912, -0.02300000000000000655 ) ) ;
#303 = CONICAL_SURFACE ( 'NONE', #1306, 0.003374999999999999528, 0.7853981633975176679 ) ;
#304 = ORIENTED_EDGE ( 'NONE', *, *, #959, .F. ) ;
#305 = LINE ( 'NONE', #811, #625 ) ;
#306 = ORIENTED_EDGE ( 'NONE', *, *, #617, .T. ) ;
#307 = DIRECTION ( 'NONE',  ( -1.000000000000000000, -0.000000000000000000, -0.000000000000000000 ) ) ;
#308 = AXIS2_PLACEMENT_3D ( 'NONE', #92, #85, #1126 ) ;
#309 = LINE ( 'NONE', #1388, #922 ) ;
#310 = CARTESIAN_POINT ( 'NONE',  ( -0.04475000000000001199, 0.01009400000000000575, -0.003000000000000006134 ) ) ;
#311 = ORIENTED_EDGE ( 'NONE', *, *, #144, .F. ) ;
#312 = CARTESIAN_POINT ( 'NONE',  ( -0.03700000000000000511, -0.02500600000000000045, -0.02300000000000000655 ) ) ;
#313 = DIRECTION ( 'NONE',  ( -1.000000000000000000, 0.000000000000000000, 0.000000000000000000 ) ) ;
#314 = ORIENTED_EDGE ( 'NONE', *, *, #192, .F. ) ;
#315 = LINE ( 'NONE', #847, #858 ) ;
#316 = EDGE_LOOP ( 'NONE', ( #1357, #1211, #437, #953 ) ) ;
#317 = DIRECTION ( 'NONE',  ( 1.000000000000000000, 0.000000000000000000, 0.000000000000000000 ) ) ;
#318 = VECTOR ( 'NONE', #1312, 1.000000000000000000 ) ;
#319 = DIRECTION ( 'NONE',  ( 0.000000000000000000, 0.000000000000000000, 1.000000000000000000 ) ) ;
#320 = VECTOR ( 'NONE', #73, 1.000000000000000000 ) ;
#321 = ORIENTED_EDGE ( 'NONE', *, *, #864, .F. ) ;
#322 = LINE ( 'NONE', #739, #1352 ) ;
#323 = ORIENTED_EDGE ( 'NONE', *, *, #778, .F. ) ;
#324 = VECTOR ( 'NONE', #292, 1.000000000000000000 ) ;
#325 = DIRECTION ( 'NONE',  ( -1.000000000000000000, -0.000000000000000000, -0.000000000000000000 ) ) ;
#326 = DIRECTION ( 'NONE',  ( 0.000000000000000000, -0.000000000000000000, -1.000000000000000000 ) ) ;
#327 = ORIENTED_EDGE ( 'NONE', *, *, #283, .F. ) ;
#328 = DIRECTION ( 'NONE',  ( -2.985176667128666934E-16, 1.000000000000000000, 0.000000000000000000 ) ) ;
#329 = ORIENTED_EDGE ( 'NONE', *, *, #405, .T. ) ;
#330 = CARTESIAN_POINT ( 'NONE',  ( -0.04440992458814865818, -0.01189960342932119136, -0.03172138177125621850 ) ) ;
#331 = VECTOR ( 'NONE', #424, 1.000000000000000000 ) ;
#332 = DIRECTION ( 'NONE',  ( 0.000000000000000000, 0.000000000000000000, -1.000000000000000000 ) ) ;
#333 = EDGE_CURVE ( 'NONE', #417, #555, #95, .T. ) ;
#334 = ORIENTED_EDGE ( 'NONE', *, *, #931, .T. ) ;
#335 = FACE_OUTER_BOUND ( 'NONE', #997, .T. ) ;
#336 = ORIENTED_EDGE ( 'NONE', *, *, #298, .T. ) ;
#337 = DIRECTION ( 'NONE',  ( -1.000000000000000000, -0.000000000000000000, -0.000000000000000000 ) ) ;
#338 = DIRECTION ( 'NONE',  ( -0.2588190451025146888, -0.9659258262890699775, 0.000000000000000000 ) ) ;
#339 = ORIENTED_EDGE ( 'NONE', *, *, #141, .T. ) ;
#340 = SHAPE_DEFINITION_REPRESENTATION ( #1380, #128 ) ;
#341 = AXIS2_PLACEMENT_3D ( 'NONE', #1001, #814, #365 ) ;
#342 = EDGE_CURVE ( 'NONE', #664, #976, #1244, .T. ) ;
#343 = DIRECTION ( 'NONE',  ( -0.7071067811865516806, -0.7071067811865434649, 0.000000000000000000 ) ) ;
#344 = ORIENTED_EDGE ( 'NONE', *, *, #717, .F. ) ;
#345 = VECTOR ( 'NONE', #282, 1.000000000000000000 ) ;
#346 = DIRECTION ( 'NONE',  ( -0.9659258262890699775, -0.2588190451025146888, 0.000000000000000000 ) ) ;
#347 = VECTOR ( 'NONE', #775, 1.000000000000000000 ) ;
#348 = PLANE ( 'NONE',  #1093 ) ;
#349 = ORIENTED_EDGE ( 'NONE', *, *, #1034, .F. ) ;
#350 = DIRECTION ( 'NONE',  ( 0.000000000000000000, -1.000000000000000000, 0.000000000000000000 ) ) ;
#351 = ORIENTED_EDGE ( 'NONE', *, *, #1034, .T. ) ;
#352 = LINE ( 'NONE', #777, #494 ) ;
#353 =( NAMED_UNIT ( * ) SI_UNIT ( $, .STERADIAN. ) SOLID_ANGLE_UNIT ( ) );
#354 = CARTESIAN_POINT ( 'NONE',  ( -0.03535000000000000642, 0.01388299999999999951, -0.006500000000000004038 ) ) ;
#355 = ITEM_DEFINED_TRANSFORMATION ( 'NONE', 'NONE', #1154,  #724 ) ;
#356 = DIRECTION ( 'NONE',  ( 0.000000000000000000, -0.000000000000000000, -1.000000000000000000 ) ) ;
#357 = EDGE_LOOP ( 'NONE', ( #866, #374, #774, #1329 ) ) ;
#358 = LINE ( 'NONE', #483, #1183 ) ;
#359 = DIRECTION ( 'NONE',  ( 0.000000000000000000, 0.000000000000000000, 1.000000000000000000 ) ) ;
#360 = DIRECTION ( 'NONE',  ( 0.000000000000000000, 0.000000000000000000, 1.000000000000000000 ) ) ;
#361 = EDGE_CURVE ( 'NONE', #630, #408, #789, .T. ) ;
#362 = EDGE_LOOP ( 'NONE', ( #541, #1139, #1025, #37 ) ) ;
#363 = ORIENTED_EDGE ( 'NONE', *, *, #1135, .T. ) ;
#364 = AXIS2_PLACEMENT_3D ( 'NONE', #1233, #62, #1123 ) ;
#365 = DIRECTION ( 'NONE',  ( 0.2588190451025209060, -0.9659258262890683122, 0.000000000000000000 ) ) ;
#366 = EDGE_CURVE ( 'NONE', #486, #1078, #932, .T. ) ;
#367 = ADVANCED_FACE ( 'NONE', ( #198 ), #628, .F. ) ;
#368 = DIRECTION ( 'NONE',  ( -1.000000000000000000, -0.000000000000000000, -0.000000000000000000 ) ) ;
#369 = VERTEX_POINT ( 'NONE', #99 ) ;
#370 = CARTESIAN_POINT ( 'NONE',  ( -0.03535000000000000642, 0.01568299999999999902, -0.006500000000000004038 ) ) ;
#371 = DIRECTION ( 'NONE',  ( 1.000000000000000000, 0.000000000000000000, 0.000000000000000000 ) ) ;
#372 = PRODUCT_DEFINITION_SHAPE ( 'NONE', 'NONE',  #540 ) ;
#373 = DIRECTION ( 'NONE',  ( 0.000000000000000000, 0.000000000000000000, 1.000000000000000000 ) ) ;
#374 = ORIENTED_EDGE ( 'NONE', *, *, #1298, .T. ) ;
#375 = ORIENTED_EDGE ( 'NONE', *, *, #758, .T. ) ;
#376 = MECHANICAL_DESIGN_GEOMETRIC_PRESENTATION_REPRESENTATION (  '', ( #603 ), #824 ) ;
#377 = FACE_OUTER_BOUND ( 'NONE', #1155, .T. ) ;
#378 = PRODUCT_DEFINITION_CONTEXT ( 'detailed design', #462, 'design' ) ;
#379 = CARTESIAN_POINT ( 'NONE',  ( -0.03700000000000000511, 0.01388299999999999951, -0.006500000000000004038 ) ) ;
#380 = DIRECTION ( 'NONE',  ( 1.000000000000000000, 0.000000000000000000, 0.000000000000000000 ) ) ;
#381 = LINE ( 'NONE', #977, #324 ) ;
#382 = ORIENTED_EDGE ( 'NONE', *, *, #1217, .T. ) ;
#383 = ORIENTED_EDGE ( 'NONE', *, *, #800, .F. ) ;
#384 = EDGE_CURVE ( 'NONE', #1335, #630, #12, .T. ) ;
#385 = COLOUR_RGB ( '',0.7921568627450980005, 0.8196078431372548767, 0.9333333333333333481 ) ;
#386 = DIRECTION ( 'NONE',  ( -1.000000000000000000, 0.000000000000000000, 0.000000000000000000 ) ) ;
#387 = AXIS2_PLACEMENT_3D ( 'NONE', #260, #702, #689 ) ;
#388 = CARTESIAN_POINT ( 'NONE',  ( -0.03700000000000000511, 0.01388299999999999951, -0.01450000000000000594 ) ) ;
#389 = DIRECTION ( 'NONE',  ( -0.2588190451025146888, 0.9659258262890699775, -0.000000000000000000 ) ) ;
#390 = VECTOR ( 'NONE', #744, 1.000000000000000000 ) ;
#391 = CARTESIAN_POINT ( 'NONE',  ( -0.04475000000000001199, 0.01009400000000000575, -0.03172138177125621850 ) ) ;
#392 = AXIS2_PLACEMENT_3D ( 'NONE', #230, #761, #343 ) ;
#393 = DIRECTION ( 'NONE',  ( -1.000000000000000000, -0.000000000000000000, -0.000000000000000000 ) ) ;
#394 = ORIENTED_EDGE ( 'NONE', *, *, #1067, .T. ) ;
#395 = DIRECTION ( 'NONE',  ( 1.000000000000000000, 2.985176667128666934E-16, -0.000000000000000000 ) ) ;
#396 = PRODUCT_RELATED_PRODUCT_CATEGORY ( 'part', '', ( #421 ) ) ;
#397 = CYLINDRICAL_SURFACE ( 'NONE', #29, 0.003349999999999998812 ) ;
#398 = CARTESIAN_POINT ( 'NONE',  ( 0.000000000000000000, -0.02350599999999999912, -0.03172138177125621850 ) ) ;
#399 = EDGE_CURVE ( 'NONE', #89, #503, #1276, .T. ) ;
#400 = ORIENTED_EDGE ( 'NONE', *, *, #935, .T. ) ;
#401 = FACE_OUTER_BOUND ( 'NONE', #1284, .T. ) ;
#402 = ORIENTED_EDGE ( 'NONE', *, *, #1101, .F. ) ;
#403 = LINE ( 'NONE', #530, #1192 ) ;
#404 = CARTESIAN_POINT ( 'NONE',  ( -0.04475000000000001199, 0.01309400000000000841, -0.003000000000000006134 ) ) ;
#405 = EDGE_CURVE ( 'NONE', #1125, #947, #239, .T. ) ;
#406 = ORIENTED_EDGE ( 'NONE', *, *, #1278, .T. ) ;
#407 = CARTESIAN_POINT ( 'NONE',  ( 0.000000000000000000, 0.01009400000000000575, -0.03172138177125621850 ) ) ;
#408 = VERTEX_POINT ( 'NONE', #1079 ) ;
#409 = VECTOR ( 'NONE', #359, 1.000000000000000000 ) ;
#410 = ADVANCED_FACE ( 'NONE', ( #652 ), #1064, .F. ) ;
#411 = LINE ( 'NONE', #1153, #1008 ) ;
#412 = EDGE_CURVE ( 'NONE', #209, #206, #105, .T. ) ;
#413 = CARTESIAN_POINT ( 'NONE',  ( 0.000000000000000000, -0.02350599999999999912, -0.02300000000000000655 ) ) ;
#414 = CIRCLE ( 'NONE', #678, 0.001799999999999999517 ) ;
#415 = ORIENTED_EDGE ( 'NONE', *, *, #144, .T. ) ;
#416 = LINE ( 'NONE', #1358, #1124 ) ;
#417 = VERTEX_POINT ( 'NONE', #961 ) ;
#418 = DIRECTION ( 'NONE',  ( 1.000000000000000000, 0.000000000000000000, 0.000000000000000000 ) ) ;
#419 = EDGE_LOOP ( 'NONE', ( #740, #1076 ) ) ;
#420 = CARTESIAN_POINT ( 'NONE',  ( -0.03700000000000000511, 0.01388299999999999951, -0.004700000000000004521 ) ) ;
#421 = PRODUCT ( 'Nebula camera mount Prusa Mk4s', 'Nebula camera mount Prusa Mk4s', '', ( #90 ) ) ;
#422 = DIRECTION ( 'NONE',  ( 0.000000000000000000, 0.000000000000000000, -1.000000000000000000 ) ) ;
#423 = ORIENTED_EDGE ( 'NONE', *, *, #1385, .F. ) ;
#424 = DIRECTION ( 'NONE',  ( -1.000000000000000000, -0.000000000000000000, -0.000000000000000000 ) ) ;
#425 = VERTEX_POINT ( 'NONE', #640 ) ;
#426 = DIRECTION ( 'NONE',  ( -0.000000000000000000, 0.000000000000000000, 1.000000000000000000 ) ) ;
#427 = DIRECTION ( 'NONE',  ( 0.000000000000000000, 0.000000000000000000, 1.000000000000000000 ) ) ;
#428 = VECTOR ( 'NONE', #20, 1.000000000000000000 ) ;
#429 = ORIENTED_EDGE ( 'NONE', *, *, #1361, .F. ) ;
#430 = CARTESIAN_POINT ( 'NONE',  ( -0.03535000000000000642, 0.01388299999999999951, -0.01450000000000000594 ) ) ;
#431 = ORIENTED_EDGE ( 'NONE', *, *, #109, .T. ) ;
#432 = CIRCLE ( 'NONE', #813, 0.003349999999999998812 ) ;
#433 = EDGE_CURVE ( 'NONE', #238, #686, #1187, .T. ) ;
#434 = CARTESIAN_POINT ( 'NONE',  ( -0.04475000000000001199, -0.02650599999999999831, -0.03172138177125621850 ) ) ;
#435 = EDGE_CURVE ( 'NONE', #579, #51, #1279, .T. ) ;
#436 = CYLINDRICAL_SURFACE ( 'NONE', #635, 0.001799999999999999517 ) ;
#437 = ORIENTED_EDGE ( 'NONE', *, *, #901, .T. ) ;
#438 = EDGE_CURVE ( 'NONE', #76, #624, #113, .T. ) ;
#439 = DIRECTION ( 'NONE',  ( 1.000000000000000000, 2.985176667128666934E-16, -0.000000000000000000 ) ) ;
#440 = ORIENTED_EDGE ( 'NONE', *, *, #879, .T. ) ;
#441 = DIRECTION ( 'NONE',  ( 0.000000000000000000, 0.000000000000000000, 1.000000000000000000 ) ) ;
#442 = DIRECTION ( 'NONE',  ( 0.000000000000000000, 0.000000000000000000, 1.000000000000000000 ) ) ;
#443 = VERTEX_POINT ( 'NONE', #1059 ) ;
#444 = CYLINDRICAL_SURFACE ( 'NONE', #256, 0.003349999999999998812 ) ;
#445 = ORIENTED_EDGE ( 'NONE', *, *, #1360, .F. ) ;
#446 = DIRECTION ( 'NONE',  ( 0.000000000000000000, 0.000000000000000000, 1.000000000000000000 ) ) ;
#447 = DIRECTION ( 'NONE',  ( 0.000000000000000000, 0.000000000000000000, 1.000000000000000000 ) ) ;
#448 = ORIENTED_EDGE ( 'NONE', *, *, #220, .F. ) ;
#449 = VECTOR ( 'NONE', #623, 1.000000000000000000 ) ;
#450 = DIRECTION ( 'NONE',  ( 0.000000000000000000, 0.000000000000000000, 1.000000000000000000 ) ) ;
#451 = EDGE_LOOP ( 'NONE', ( #244, #609, #383, #560 ) ) ;
#452 = VECTOR ( 'NONE', #572, 1.000000000000000000 ) ;
#453 = FACE_OUTER_BOUND ( 'NONE', #917, .T. ) ;
#454 = VECTOR ( 'NONE', #1270, 1.000000000000000000 ) ;
#455 = FACE_OUTER_BOUND ( 'NONE', #84, .T. ) ;
#456 = APPLICATION_PROTOCOL_DEFINITION ( 'draft international standard', 'automotive_design', 1998, #462 ) ;
#457 = ORIENTED_EDGE ( 'NONE', *, *, #1000, .F. ) ;
#458 = ORIENTED_EDGE ( 'NONE', *, *, #290, .F. ) ;
#459 = FACE_OUTER_BOUND ( 'NONE', #850, .T. ) ;
#460 = PRODUCT_DEFINITION_CONTEXT ( 'detailed design', #125, 'design' ) ;
#461 = ADVANCED_FACE ( 'NONE', ( #1072 ), #550, .F. ) ;
#462 = APPLICATION_CONTEXT ( 'automotive_design' ) ;
#463 = LINE ( 'NONE', #995, #1112 ) ;
#464 = CARTESIAN_POINT ( 'NONE',  ( -0.03400000000000001632, 0.02148300000000000209, -0.02300000000000000655 ) ) ;
#465 = CONTEXT_DEPENDENT_SHAPE_REPRESENTATION ( #1273, #159 ) ;
#466 = EDGE_LOOP ( 'NONE', ( #1013, #148, #881, #612 ) ) ;
#467 = ORIENTED_EDGE ( 'NONE', *, *, #919, .T. ) ;
#468 = EDGE_CURVE ( 'NONE', #1320, #238, #535, .T. ) ;
#469 = DIRECTION ( 'NONE',  ( -1.000000000000000000, -0.000000000000000000, -0.000000000000000000 ) ) ;
#470 = ADVANCED_FACE ( 'NONE', ( #453 ), #1304, .F. ) ;
#471 = LINE ( 'NONE', #912, #1162 ) ;
#472 = CARTESIAN_POINT ( 'NONE',  ( -0.04129999999999998950, 0.01009400000000000575, -0.03172138177125621850 ) ) ;
#473 = ORIENTED_EDGE ( 'NONE', *, *, #1278, .F. ) ;
#474 = VERTEX_POINT ( 'NONE', #764 ) ;
#475 = CIRCLE ( 'NONE', #918, 0.003374999999999999528 ) ;
#476 = CARTESIAN_POINT ( 'NONE',  ( -0.03535000000000000642, 0.01568299999999999902, -0.01450000000000000594 ) ) ;
#477 = EDGE_CURVE ( 'NONE', #664, #51, #300, .T. ) ;
#478 = VECTOR ( 'NONE', #442, 1.000000000000000000 ) ;
#479 = CARTESIAN_POINT ( 'NONE',  ( -0.03700000000000000511, -0.02500600000000000045, -0.06958569652801169236 ) ) ;
#480 = DIRECTION ( 'NONE',  ( -1.000000000000000000, -0.000000000000000000, -0.000000000000000000 ) ) ;
#481 = DIRECTION ( 'NONE',  ( -1.000000000000000000, 0.000000000000000000, 0.000000000000000000 ) ) ;
#482 = ORIENTED_EDGE ( 'NONE', *, *, #1026, .F. ) ;
#483 = CARTESIAN_POINT ( 'NONE',  ( 0.000000000000000000, -0.02250599999999999823, -0.02300000000000000655 ) ) ;
#484 = CARTESIAN_POINT ( 'NONE',  ( 0.000000000000000000, -0.02650599999999999831, 0.000000000000000000 ) ) ;
#485 = CARTESIAN_POINT ( 'NONE',  ( -0.005996999999999787223, 0.005996999999999856612, 0.000000000000000000 ) ) ;
#486 = VERTEX_POINT ( 'NONE', #26 ) ;
#487 = ADVANCED_FACE ( 'NONE', ( #750 ), #756, .F. ) ;
#488 = VERTEX_POINT ( 'NONE', #954 ) ;
#489 = CARTESIAN_POINT ( 'NONE',  ( -0.04700000000000001399, 0.01309400000000000841, -0.009755760894168985856 ) ) ;
#490 = DIRECTION ( 'NONE',  ( 1.000000000000000000, 0.000000000000000000, 0.000000000000000000 ) ) ;
#491 = SHAPE_REPRESENTATION_RELATIONSHIP ( 'NONE' , 'NONE' ,  #1230, #1302 ) ;
#492 = DIRECTION ( 'NONE',  ( 0.000000000000000000, -0.000000000000000000, -1.000000000000000000 ) ) ;
#493 = CARTESIAN_POINT ( 'NONE',  ( -0.04475000000000001199, 0.000000000000000000, -0.02300000000000000655 ) ) ;
#494 = VECTOR ( 'NONE', #245, 1.000000000000000000 ) ;
#495 = ORIENTED_EDGE ( 'NONE', *, *, #651, .T. ) ;
#496 = ADVANCED_FACE ( 'NONE', ( #1179 ), #1084, .F. ) ;
#497 = PLANE ( 'NONE',  #1175 ) ;
#498 = EDGE_CURVE ( 'NONE', #859, #119, #1172, .T. ) ;
#499 = CIRCLE ( 'NONE', #1234, 0.003374999999999999528 ) ;
#500 = FACE_OUTER_BOUND ( 'NONE', #575, .T. ) ;
#501 = AXIS2_PLACEMENT_3D ( 'NONE', #102, #98, #18 ) ;
#502 = CARTESIAN_POINT ( 'NONE',  ( -0.03700000000000000511, 0.01309400000000000841, -0.003244239105831021788 ) ) ;
#503 = VERTEX_POINT ( 'NONE', #887 ) ;
#504 = CARTESIAN_POINT ( 'NONE',  ( -0.03697500000000000786, 0.01388299999999999951, -0.006500000000000004038 ) ) ;
#505 = ORIENTED_EDGE ( 'NONE', *, *, #531, .T. ) ;
#506 = EDGE_CURVE ( 'NONE', #666, #910, #135, .T. ) ;
#507 = CARTESIAN_POINT ( 'NONE',  ( -0.03535000000000000642, 0.01388299999999999951, -0.009850000000000002850 ) ) ;
#508 = DIRECTION ( 'NONE',  ( 0.000000000000000000, -0.000000000000000000, -1.000000000000000000 ) ) ;
#509 = ORIENTED_EDGE ( 'NONE', *, *, #1298, .F. ) ;
#510 = AXIS2_PLACEMENT_3D ( 'NONE', #287, #77, #605 ) ;
#511 = PLANE ( 'NONE',  #1200 ) ;
#512 = AXIS2_PLACEMENT_3D ( 'NONE', #551, #1144, #1132 ) ;
#513 = ADVANCED_FACE ( 'NONE', ( #582 ), #1104, .F. ) ;
#514 = ADVANCED_FACE ( 'NONE', ( #999, #377 ), #1097, .F. ) ;
#515 = LINE ( 'NONE', #199, #390 ) ;
#516 = CARTESIAN_POINT ( 'NONE',  ( -0.03535000000000000642, 0.01388299999999999951, -0.01630000000000000546 ) ) ;
#517 = ADVANCED_FACE ( 'NONE', ( #459 ), #576, .F. ) ;
#518 = ORIENTED_EDGE ( 'NONE', *, *, #1271, .F. ) ;
#519 = LINE ( 'NONE', #1243, #1215 ) ;
#520 = EDGE_LOOP ( 'NONE', ( #1171, #327, #604, #155 ) ) ;
#521 = AXIS2_PLACEMENT_3D ( 'NONE', #713, #307, #829 ) ;
#522 = LINE ( 'NONE', #737, #1115 ) ;
#523 = VECTOR ( 'NONE', #841, 1.000000000000000000 ) ;
#524 = AXIS2_PLACEMENT_3D ( 'NONE', #1136, #422, #933 ) ;
#525 = VERTEX_POINT ( 'NONE', #143 ) ;
#526 = APPLICATION_PROTOCOL_DEFINITION ( 'draft international standard', 'automotive_design', 1998, #125 ) ;
#527 = DIRECTION ( 'NONE',  ( 0.000000000000000000, 0.000000000000000000, 1.000000000000000000 ) ) ;
#528 = CARTESIAN_POINT ( 'NONE',  ( 0.02448167490189528950, 0.03191859537602120822, 0.04080378348947542866 ) ) ;
#529 = MANIFOLD_SOLID_BREP ( 'Cut-Extrude1', #231 ) ;
#530 = CARTESIAN_POINT ( 'NONE',  ( -0.04475000000000001199, -0.02350599999999999912, -0.003000000000000006134 ) ) ;
#531 = EDGE_CURVE ( 'NONE', #76, #859, #358, .T. ) ;
#532 = VERTEX_POINT ( 'NONE', #906 ) ;
#533 = CARTESIAN_POINT ( 'NONE',  ( -0.04475000000000001199, -0.02350599999999999912, -0.02300000000000000655 ) ) ;
#534 = ORIENTED_EDGE ( 'NONE', *, *, #610, .F. ) ;
#535 = LINE ( 'NONE', #979, #108 ) ;
#536 = FACE_OUTER_BOUND ( 'NONE', #949, .T. ) ;
#537 = ORIENTED_EDGE ( 'NONE', *, *, #1004, .T. ) ;
#538 = EDGE_CURVE ( 'NONE', #175, #818, #134, .T. ) ;
#539 = DIRECTION ( 'NONE',  ( 1.000000000000000000, 0.000000000000000000, 0.000000000000000000 ) ) ;
#540 = PRODUCT_DEFINITION ( 'UNKNOWN', '', #149, #378 ) ;
#541 = ORIENTED_EDGE ( 'NONE', *, *, #468, .T. ) ;
#542 = CARTESIAN_POINT ( 'NONE',  ( -0.03700000000000000511, 0.01309400000000000841, -0.03172138177125621850 ) ) ;
#543 = FACE_OUTER_BOUND ( 'NONE', #1148, .T. ) ;
#544 = VECTOR ( 'NONE', #120, 1.000000000000000000 ) ;
#545 = EDGE_CURVE ( 'NONE', #844, #1242, #1220, .T. ) ;
#546 = ORIENTED_EDGE ( 'NONE', *, *, #116, .F. ) ;
#547 = AXIS2_PLACEMENT_3D ( 'NONE', #1158, #634, #1362 ) ;
#548 = FACE_OUTER_BOUND ( 'NONE', #140, .T. ) ;
#549 = ORIENTED_EDGE ( 'NONE', *, *, #151, .F. ) ;
#550 = PLANE ( 'NONE',  #1324 ) ;
#551 = CARTESIAN_POINT ( 'NONE',  ( 0.000000000000000000, 0.000000000000000000, 0.000000000000000000 ) ) ;
#552 = LINE ( 'NONE', #15, #812 ) ;
#553 = ORIENTED_EDGE ( 'NONE', *, *, #890, .F. ) ;
#554 = DIRECTION ( 'NONE',  ( -2.985176667128666934E-16, 1.000000000000000000, 0.000000000000000000 ) ) ;
#555 = VERTEX_POINT ( 'NONE', #987 ) ;
#556 = DIRECTION ( 'NONE',  ( 0.000000000000000000, 0.000000000000000000, -1.000000000000000000 ) ) ;
#557 = CARTESIAN_POINT ( 'NONE',  ( -0.03700000000000000511, 0.01309400000000000841, 0.000000000000000000 ) ) ;
#558 = ORIENTED_EDGE ( 'NONE', *, *, #156, .F. ) ;
#559 = DIRECTION ( 'NONE',  ( 0.000000000000000000, 0.000000000000000000, 1.000000000000000000 ) ) ;
#560 = ORIENTED_EDGE ( 'NONE', *, *, #1000, .T. ) ;
#561 = DIRECTION ( 'NONE',  ( -1.000000000000000000, 0.000000000000000000, -0.000000000000000000 ) ) ;
#562 = CARTESIAN_POINT ( 'NONE',  ( -0.03700000000000000511, 0.01388299999999999951, -0.003150000000000005226 ) ) ;
#563 = PRODUCT_CONTEXT ( 'NONE', #1331, 'mechanical' ) ;
#564 = FACE_OUTER_BOUND ( 'NONE', #1012, .T. ) ;
#565 = AXIS2_PLACEMENT_3D ( 'NONE', #388, #1238, #571 ) ;
#566 = LINE ( 'NONE', #1003, #1280 ) ;
#567 = ORIENTED_EDGE ( 'NONE', *, *, #213, .T. ) ;
#568 = AXIS2_PLACEMENT_3D ( 'NONE', #1297, #883, #870 ) ;
#569 = CARTESIAN_POINT ( 'NONE',  ( -0.04475000000000001199, 0.000000000000000000, -0.03172138177125621850 ) ) ;
#570 = AXIS2_PLACEMENT_3D ( 'NONE', #708, #1199, #67 ) ;
#571 = DIRECTION ( 'NONE',  ( 0.000000000000000000, 0.000000000000000000, 1.000000000000000000 ) ) ;
#572 = DIRECTION ( 'NONE',  ( 0.000000000000000000, 0.000000000000000000, 1.000000000000000000 ) ) ;
#573 = ORIENTED_EDGE ( 'NONE', *, *, #838, .F. ) ;
#574 = VECTOR ( 'NONE', #196, 1.000000000000000000 ) ;
#575 = EDGE_LOOP ( 'NONE', ( #8, #794, #402, #1277 ) ) ;
#576 = PLANE ( 'NONE',  #1346 ) ;
#577 = FACE_OUTER_BOUND ( 'NONE', #1269, .T. ) ;
#578 = FILL_AREA_STYLE ('',( #255 ) ) ;
#579 = VERTEX_POINT ( 'NONE', #273 ) ;
#580 = EDGE_CURVE ( 'NONE', #272, #167, #699, .T. ) ;
#581 = ORIENTED_EDGE ( 'NONE', *, *, #1361, .T. ) ;
#582 = FACE_OUTER_BOUND ( 'NONE', #189, .T. ) ;
#583 = DIRECTION ( 'NONE',  ( 0.000000000000000000, 0.000000000000000000, -1.000000000000000000 ) ) ;
#584 = LINE ( 'NONE', #1222, #345 ) ;
#585 = CARTESIAN_POINT ( 'NONE',  ( -0.03535000000000000642, 0.01388299999999999951, -0.006500000000000004038 ) ) ;
#586 = ORIENTED_EDGE ( 'NONE', *, *, #545, .T. ) ;
#587 = AXIS2_PLACEMENT_3D ( 'NONE', #398, #179, #508 ) ;
#588 = AXIS2_PLACEMENT_3D ( 'NONE', #242, #368, #1203 ) ;
#589 = SURFACE_STYLE_FILL_AREA ( #150 ) ;
#590 = APPLICATION_CONTEXT ( 'automotive_design' ) ;
#591 = AXIS2_PLACEMENT_3D ( 'NONE', #354, #1290, #447 ) ;
#592 = AXIS2_PLACEMENT_3D ( 'NONE', #193, #1272, #74 ) ;
#593 = DIRECTION ( 'NONE',  ( 0.000000000000000000, 0.000000000000000000, 1.000000000000000000 ) ) ;
#594 = CARTESIAN_POINT ( 'NONE',  ( -0.04440992458814865818, -0.01189960342932119136, -0.003000000000000006134 ) ) ;
#595 = EDGE_CURVE ( 'NONE', #297, #630, #40, .T. ) ;
#596 = DIRECTION ( 'NONE',  ( -0.2588190451025209060, -0.9659258262890683122, 0.000000000000000000 ) ) ;
#597 = VERTEX_POINT ( 'NONE', #34 ) ;
#598 = EDGE_LOOP ( 'NONE', ( #1264, #306, #431, #323 ) ) ;
#599 = CARTESIAN_POINT ( 'NONE',  ( -0.04105692458814873269, 0.01100116978709968218, -0.02300000000000000655 ) ) ;
#600 = CARTESIAN_POINT ( 'NONE',  ( -0.03535000000000000642, 0.01388299999999999951, -0.004700000000000004521 ) ) ;
#601 = CARTESIAN_POINT ( 'NONE',  ( -0.03700000000000000511, 0.01388299999999999951, -0.01450000000000000594 ) ) ;
#602 = CARTESIAN_POINT ( 'NONE',  ( -0.03535000000000000642, 0.01388299999999999951, -0.006500000000000004038 ) ) ;
#603 = STYLED_ITEM ( 'NONE', ( #1099 ), #1302 ) ;
#604 = ORIENTED_EDGE ( 'NONE', *, *, #1281, .T. ) ;
#605 = DIRECTION ( 'NONE',  ( 0.000000000000000000, 0.000000000000000000, 1.000000000000000000 ) ) ;
#606 = LINE ( 'NONE', #153, #188 ) ;
#607 = CARTESIAN_POINT ( 'NONE',  ( -0.04475000000000001199, -0.02650599999999999831, 0.000000000000000000 ) ) ;
#608 = CARTESIAN_POINT ( 'NONE',  ( -0.04129999999999999644, 0.01009400000000000575, -0.02300000000000000655 ) ) ;
#609 = ORIENTED_EDGE ( 'NONE', *, *, #433, .T. ) ;
#610 = EDGE_CURVE ( 'NONE', #443, #579, #352, .T. ) ;
#611 = CARTESIAN_POINT ( 'NONE',  ( -0.04223205080756886609, -0.02250599999999999823, -0.003000000000000006134 ) ) ;
#612 = ORIENTED_EDGE ( 'NONE', *, *, #267, .F. ) ;
#613 = VECTOR ( 'NONE', #194, 1.000000000000000000 ) ;
#614 = VECTOR ( 'NONE', #371, 1.000000000000000000 ) ;
#615 = CARTESIAN_POINT ( 'NONE',  ( 0.000000000000000000, -0.02250599999999999823, -0.03172138177125621850 ) ) ;
#616 = CARTESIAN_POINT ( 'NONE',  ( 0.000000000000000000, -0.02650599999999999831, -0.03172138177125621850 ) ) ;
#617 = EDGE_CURVE ( 'NONE', #1219, #927, #673, .T. ) ;
#618 = ORIENTED_EDGE ( 'NONE', *, *, #1291, .F. ) ;
#619 = EDGE_CURVE ( 'NONE', #1037, #532, #1039, .T. ) ;
#620 = LINE ( 'NONE', #312, #1216 ) ;
#621 = EDGE_LOOP ( 'NONE', ( #1070, #658, #55, #182 ) ) ;
#622 = FACE_OUTER_BOUND ( 'NONE', #677, .T. ) ;
#623 = DIRECTION ( 'NONE',  ( 0.000000000000000000, 0.000000000000000000, 1.000000000000000000 ) ) ;
#624 = VERTEX_POINT ( 'NONE', #611 ) ;
#625 = VECTOR ( 'NONE', #1044, 1.000000000000000000 ) ;
#626 = CARTESIAN_POINT ( 'NONE',  ( -0.04475000000000001199, 0.01309400000000000841, -0.009755760894168985856 ) ) ;
#627 = PRODUCT_DEFINITION_FORMATION_WITH_SPECIFIED_SOURCE ( 'ANY', '', #421, .NOT_KNOWN. ) ;
#628 = PLANE ( 'NONE',  #183 ) ;
#629 = CARTESIAN_POINT ( 'NONE',  ( -0.04475000000000001199, -0.02650599999999999831, -0.02300000000000000655 ) ) ;
#630 = VERTEX_POINT ( 'NONE', #626 ) ;
#631 = LINE ( 'NONE', #733, #574 ) ;
#632 = ORIENTED_EDGE ( 'NONE', *, *, #1128, .F. ) ;
#633 = EDGE_CURVE ( 'NONE', #297, #180, #1389, .T. ) ;
#634 = DIRECTION ( 'NONE',  ( -1.000000000000000000, -0.000000000000000000, -0.000000000000000000 ) ) ;
#635 = AXIS2_PLACEMENT_3D ( 'NONE', #865, #757, #1181 ) ;
#636 = VECTOR ( 'NONE', #925, 1.000000000000000000 ) ;
#637 = ORIENTED_EDGE ( 'NONE', *, *, #580, .F. ) ;
#638 = DIRECTION ( 'NONE',  ( 0.000000000000000000, -0.000000000000000000, -1.000000000000000000 ) ) ;
#639 = ORIENTED_EDGE ( 'NONE', *, *, #1128, .T. ) ;
#640 = CARTESIAN_POINT ( 'NONE',  ( -0.04249999999999998224, 0.01009400000000000575, -0.003000000000000006134 ) ) ;
#641 = FACE_OUTER_BOUND ( 'NONE', #1100, .T. ) ;
#642 = ORIENTED_EDGE ( 'NONE', *, *, #247, .T. ) ;
#643 = FACE_OUTER_BOUND ( 'NONE', #621, .T. ) ;
#644 = ORIENTED_EDGE ( 'NONE', *, *, #158, .F. ) ;
#645 = CARTESIAN_POINT ( 'NONE',  ( -0.04440992458814865818, -0.01189960342932119136, -0.02300000000000000655 ) ) ;
#646 = ADVANCED_FACE ( 'NONE', ( #1020 ), #511, .T. ) ;
#647 = CARTESIAN_POINT ( 'NONE',  ( -0.03700000000000000511, 0.01009400000000000575, -0.03172138177125621850 ) ) ;
#648 = ORIENTED_EDGE ( 'NONE', *, *, #1376, .T. ) ;
#649 = DIRECTION ( 'NONE',  ( 0.000000000000000000, 0.000000000000000000, -1.000000000000000000 ) ) ;
#650 = ORIENTED_EDGE ( 'NONE', *, *, #477, .F. ) ;
#651 = EDGE_CURVE ( 'NONE', #532, #1007, #1268, .T. ) ;
#652 = FACE_OUTER_BOUND ( 'NONE', #520, .T. ) ;
#653 = DIRECTION ( 'NONE',  ( -1.000000000000000000, -0.000000000000000000, -0.000000000000000000 ) ) ;
#654 = ORIENTED_EDGE ( 'NONE', *, *, #258, .T. ) ;
#655 = CONICAL_SURFACE ( 'NONE', #1209, 0.003374999999999999528, 0.7853981633975176679 ) ;
#656 = ADVANCED_FACE ( 'NONE', ( #1365 ), #176, .F. ) ;
#657 = CARTESIAN_POINT ( 'NONE',  ( -0.03700000000000000511, -0.02500600000000000045, -0.02300000000000000655 ) ) ;
#658 = ORIENTED_EDGE ( 'NONE', *, *, #361, .T. ) ;
#659 = EDGE_CURVE ( 'NONE', #175, #117, #305, .T. ) ;
#660 = DIRECTION ( 'NONE',  ( 0.000000000000000000, 0.000000000000000000, 1.000000000000000000 ) ) ;
#661 =( LENGTH_UNIT ( ) NAMED_UNIT ( * ) SI_UNIT ( $, .METRE. ) );
#662 = CARTESIAN_POINT ( 'NONE',  ( -0.03697500000000000786, 0.01388299999999999951, -0.01450000000000000594 ) ) ;
#663 = EDGE_CURVE ( 'NONE', #910, #89, #729, .T. ) ;
#664 = VERTEX_POINT ( 'NONE', #1150 ) ;
#665 = CARTESIAN_POINT ( 'NONE',  ( -0.03535000000000000642, 0.01388299999999999951, -0.01450000000000000594 ) ) ;
#666 = VERTEX_POINT ( 'NONE', #1156 ) ;
#667 = CARTESIAN_POINT ( 'NONE',  ( -0.03700000000000000511, 0.01388299999999999951, -0.006500000000000004038 ) ) ;
#668 = PRESENTATION_LAYER_ASSIGNMENT (  '', '', ( #603 ) ) ;
#669 = DIRECTION ( 'NONE',  ( -1.000000000000000000, 0.000000000000000000, 0.000000000000000000 ) ) ;
#670 = DIRECTION ( 'NONE',  ( 0.000000000000000000, 0.000000000000000000, 1.000000000000000000 ) ) ;
#671 = CARTESIAN_POINT ( 'NONE',  ( -0.03400000000000001632, 0.01388299999999999951, -0.01630000000000000546 ) ) ;
#672 = ORIENTED_EDGE ( 'NONE', *, *, #42, .F. ) ;
#673 = LINE ( 'NONE', #251, #65 ) ;
#674 = CARTESIAN_POINT ( 'NONE',  ( 0.000000000000000000, 0.01309400000000000841, -0.03172138177125621850 ) ) ;
#675 = CARTESIAN_POINT ( 'NONE',  ( -0.03700000000000000511, 0.01309400000000000841, -0.03172138177125621850 ) ) ;
#676 = VECTOR ( 'NONE', #145, 1.000000000000000000 ) ;
#677 = EDGE_LOOP ( 'NONE', ( #692, #3, #969, #642, #1043, #221 ) ) ;
#678 = AXIS2_PLACEMENT_3D ( 'NONE', #849, #204, #1168 ) ;
#679 = DIRECTION ( 'NONE',  ( 1.000000000000000000, 0.000000000000000000, 0.000000000000000000 ) ) ;
#680 = CONICAL_SURFACE ( 'NONE', #501, 0.003374999999999999528, 0.7853981633975176679 ) ;
#681 = CARTESIAN_POINT ( 'NONE',  ( -0.04156794919243111952, -0.02250599999999999823, -0.03172138177125621850 ) ) ;
#682 = SURFACE_SIDE_STYLE ('',( #805 ) ) ;
#683 = EDGE_CURVE ( 'NONE', #978, #474, #631, .T. ) ;
#684 = ORIENTED_EDGE ( 'NONE', *, *, #1140, .T. ) ;
#685 = PRODUCT_RELATED_PRODUCT_CATEGORY ( 'part', '', ( #66 ) ) ;
#686 = VERTEX_POINT ( 'NONE', #71 ) ;
#687 =( NAMED_UNIT ( * ) PLANE_ANGLE_UNIT ( ) SI_UNIT ( $, .RADIAN. ) );
#688 = EDGE_CURVE ( 'NONE', #1037, #1321, #172, .T. ) ;
#689 = DIRECTION ( 'NONE',  ( 0.000000000000000000, 0.000000000000000000, 1.000000000000000000 ) ) ;
#690 = LINE ( 'NONE', #472, #1053 ) ;
#691 = FACE_OUTER_BOUND ( 'NONE', #965, .T. ) ;
#692 = ORIENTED_EDGE ( 'NONE', *, *, #901, .F. ) ;
#693 = CARTESIAN_POINT ( 'NONE',  ( -0.03400000000000001632, 0.01388299999999999951, -0.01450000000000000594 ) ) ;
#694 = CARTESIAN_POINT ( 'NONE',  ( -0.03700000000000000511, 0.01009400000000000575, -0.003000000000000006134 ) ) ;
#695 = LINE ( 'NONE', #485, #636 ) ;
#696 = ORIENTED_EDGE ( 'NONE', *, *, #116, .T. ) ;
#697 = ORIENTED_EDGE ( 'NONE', *, *, #366, .T. ) ;
#698 = AXIS2_PLACEMENT_3D ( 'NONE', #916, #393, #817 ) ;
#699 = LINE ( 'NONE', #599, #1228 ) ;
#700 = VECTOR ( 'NONE', #751, 1.000000000000000000 ) ;
#701 = VECTOR ( 'NONE', #816, 1.000000000000000000 ) ;
#702 = DIRECTION ( 'NONE',  ( -1.000000000000000000, -0.000000000000000000, -0.000000000000000000 ) ) ;
#703 = FACE_OUTER_BOUND ( 'NONE', #809, .T. ) ;
#704 = DIRECTION ( 'NONE',  ( -1.000000000000000000, -0.000000000000000000, -0.000000000000000000 ) ) ;
#705 = ORIENTED_EDGE ( 'NONE', *, *, #433, .F. ) ;
#706 = DIRECTION ( 'NONE',  ( 0.000000000000000000, -1.000000000000000000, 0.000000000000000000 ) ) ;
#707 = LINE ( 'NONE', #162, #614 ) ;
#708 = CARTESIAN_POINT ( 'NONE',  ( -0.03535000000000000642, 0.01388299999999999951, -0.01450000000000000594 ) ) ;
#709 = CARTESIAN_POINT ( 'NONE',  ( 0.000000000000000000, -0.02250599999999999823, -0.003000000000000006134 ) ) ;
#710 = ORIENTED_EDGE ( 'NONE', *, *, #1385, .T. ) ;
#711 = CARTESIAN_POINT ( 'NONE',  ( -0.03700000000000000511, -0.02500600000000000045, -0.06958569652801169236 ) ) ;
#712 = ORIENTED_EDGE ( 'NONE', *, *, #580, .T. ) ;
#713 = CARTESIAN_POINT ( 'NONE',  ( -0.04475000000000001199, 0.01388299999999999951, -0.006500000000000004038 ) ) ;
#714 = AXIS2_PLACEMENT_3D ( 'NONE', #1286, #1, #527 ) ;
#715 = ADVANCED_FACE ( 'NONE', ( #1141 ), #295, .F. ) ;
#716 = LINE ( 'NONE', #1340, #1117 ) ;
#717 = EDGE_CURVE ( 'NONE', #425, #142, #519, .T. ) ;
#718 = DIRECTION ( 'NONE',  ( 1.000000000000000000, 0.000000000000000000, 0.000000000000000000 ) ) ;
#719 = ORIENTED_EDGE ( 'NONE', *, *, #6, .F. ) ;
#720 = DIRECTION ( 'NONE',  ( -0.7071067811864985009, 0.000000000000000000, 0.7071067811865965336 ) ) ;
#721 = AXIS2_PLACEMENT_3D ( 'NONE', #370, #152, #583 ) ;
#722 = DIRECTION ( 'NONE',  ( 0.2588190451025209060, -0.9659258262890683122, 0.000000000000000000 ) ) ;
#723 = DIRECTION ( 'NONE',  ( 0.000000000000000000, 0.000000000000000000, -1.000000000000000000 ) ) ;
#724 = AXIS2_PLACEMENT_3D ( 'NONE', #924, #360, #380 ) ;
#725 = CARTESIAN_POINT ( 'NONE',  ( 0.000000000000000000, 0.009094000000000004857, -0.03172138177125621850 ) ) ;
#726 = DIRECTION ( 'NONE',  ( 0.000000000000000000, 0.000000000000000000, 1.000000000000000000 ) ) ;
#727 = EDGE_CURVE ( 'NONE', #947, #19, #416, .T. ) ;
#728 = ORIENTED_EDGE ( 'NONE', *, *, #1147, .F. ) ;
#729 = LINE ( 'NONE', #181, #1337 ) ;
#730 = ORIENTED_EDGE ( 'NONE', *, *, #1095, .F. ) ;
#731 = DIRECTION ( 'NONE',  ( 0.000000000000000000, -1.000000000000000000, 0.000000000000000000 ) ) ;
#732 = ORIENTED_EDGE ( 'NONE', *, *, #333, .T. ) ;
#733 = CARTESIAN_POINT ( 'NONE',  ( -0.03400000000000000244, -0.02500600000000000045, 0.000000000000000000 ) ) ;
#734 = ORIENTED_EDGE ( 'NONE', *, *, #538, .T. ) ;
#735 = ADVANCED_FACE ( 'NONE', ( #401 ), #1265, .T. ) ;
#736 = CARTESIAN_POINT ( 'NONE',  ( -0.03700000000000000511, 0.01309400000000000841, -0.03172138177125621850 ) ) ;
#737 = CARTESIAN_POINT ( 'NONE',  ( 0.000000000000000000, 0.009094000000000004857, -0.003000000000000006134 ) ) ;
#738 = ORIENTED_EDGE ( 'NONE', *, *, #1226, .T. ) ;
#739 = CARTESIAN_POINT ( 'NONE',  ( 0.000000000000000000, -0.02350599999999999912, -0.02300000000000000655 ) ) ;
#740 = ORIENTED_EDGE ( 'NONE', *, *, #1217, .F. ) ;
#741 = PRESENTATION_LAYER_ASSIGNMENT (  '', '', ( #1160 ) ) ;
#742 = DIRECTION ( 'NONE',  ( 0.000000000000000000, 0.000000000000000000, 1.000000000000000000 ) ) ;
#743 = VECTOR ( 'NONE', #211, 1.000000000000000000 ) ;
#744 = DIRECTION ( 'NONE',  ( 0.2588190451025209060, 0.9659258262890683122, 0.000000000000000000 ) ) ;
#745 = CIRCLE ( 'NONE', #49, 0.003349999999999998812 ) ;
#746 = CIRCLE ( 'NONE', #1166, 0.003349999999999998812 ) ;
#747 = ORIENTED_EDGE ( 'NONE', *, *, #264, .F. ) ;
#748 = LINE ( 'NONE', #1378, #454 ) ;
#749 = ORIENTED_EDGE ( 'NONE', *, *, #727, .T. ) ;
#750 = FACE_OUTER_BOUND ( 'NONE', #1185, .T. ) ;
#751 = DIRECTION ( 'NONE',  ( -1.000000000000000000, -0.000000000000000000, -0.000000000000000000 ) ) ;
#752 = EDGE_CURVE ( 'NONE', #369, #930, #620, .T. ) ;
#753 = ORIENTED_EDGE ( 'NONE', *, *, #758, .F. ) ;
#754 = CYLINDRICAL_SURFACE ( 'NONE', #714, 0.001799999999999999517 ) ;
#755 = ORIENTED_EDGE ( 'NONE', *, *, #929, .T. ) ;
#756 = PLANE ( 'NONE',  #1255 ) ;
#757 = DIRECTION ( 'NONE',  ( -1.000000000000000000, -0.000000000000000000, -0.000000000000000000 ) ) ;
#758 = EDGE_CURVE ( 'NONE', #825, #1125, #1048, .T. ) ;
#759 = ADVANCED_FACE ( 'NONE', ( #819, #1237, #280 ), #497, .T. ) ;
#760 = VERTEX_POINT ( 'NONE', #1177 ) ;
#761 = DIRECTION ( 'NONE',  ( -0.7071067811865434649, 0.7071067811865516806, 0.000000000000000000 ) ) ;
#762 = VERTEX_POINT ( 'NONE', #9 ) ;
#763 = ADVANCED_FACE ( 'NONE', ( #770 ), #754, .F. ) ;
#764 = CARTESIAN_POINT ( 'NONE',  ( -0.03700000000000000511, -0.02500600000000000045, 0.000000000000000000 ) ) ;
#765 = DIRECTION ( 'NONE',  ( 0.000000000000000000, 0.000000000000000000, 1.000000000000000000 ) ) ;
#766 = CIRCLE ( 'NONE', #698, 0.003374999999999999528 ) ;
#767 = CIRCLE ( 'NONE', #591, 0.001799999999999999517 ) ;
#768 = ORIENTED_EDGE ( 'NONE', *, *, #832, .T. ) ;
#769 = VECTOR ( 'NONE', #373, 1.000000000000000000 ) ;
#770 = FACE_OUTER_BOUND ( 'NONE', #598, .T. ) ;
#771 = ORIENTED_EDGE ( 'NONE', *, *, #247, .F. ) ;
#772 = CARTESIAN_POINT ( 'NONE',  ( -0.03700000000000000511, 0.01388299999999999951, -0.01450000000000000594 ) ) ;
#773 = DIRECTION ( 'NONE',  ( 0.000000000000000000, 1.000000000000000000, 0.000000000000000000 ) ) ;
#774 = ORIENTED_EDGE ( 'NONE', *, *, #1095, .T. ) ;
#775 = DIRECTION ( 'NONE',  ( 1.000000000000000000, 0.000000000000000000, 0.000000000000000000 ) ) ;
#776 = ORIENTED_EDGE ( 'NONE', *, *, #1069, .F. ) ;
#777 = CARTESIAN_POINT ( 'NONE',  ( -0.03700000000000000511, 0.01388299999999999951, -0.01115000000000000713 ) ) ;
#778 = EDGE_CURVE ( 'NONE', #762, #191, #957, .T. ) ;
#779 = LINE ( 'NONE', #1073, #899 ) ;
#780 = CARTESIAN_POINT ( 'NONE',  ( -0.04475000000000001199, 0.01309400000000000841, 0.000000000000000000 ) ) ;
#781 = ORIENTED_EDGE ( 'NONE', *, *, #1045, .F. ) ;
#782 = SURFACE_SIDE_STYLE ('',( #589 ) ) ;
#783 = ADVANCED_FACE ( 'NONE', ( #335 ), #680, .F. ) ;
#784 = DIRECTION ( 'NONE',  ( 0.000000000000000000, 0.000000000000000000, 1.000000000000000000 ) ) ;
#785 =( NAMED_UNIT ( * ) PLANE_ANGLE_UNIT ( ) SI_UNIT ( $, .RADIAN. ) );
#786 = EDGE_CURVE ( 'NONE', #762, #1219, #1282, .T. ) ;
#787 = AXIS2_PLACEMENT_3D ( 'NONE', #667, #862, #446 ) ;
#788 = ORIENTED_EDGE ( 'NONE', *, *, #342, .F. ) ;
#789 = CIRCLE ( 'NONE', #521, 0.003349999999999998812 ) ;
#790 = ORIENTED_EDGE ( 'NONE', *, *, #659, .F. ) ;
#791 = ADVANCED_FACE ( 'NONE', ( #643 ), #444, .F. ) ;
#792 = VECTOR ( 'NONE', #389, 0.9999999999999998890 ) ;
#793 = DIRECTION ( 'NONE',  ( 0.000000000000000000, 0.000000000000000000, 1.000000000000000000 ) ) ;
#794 = ORIENTED_EDGE ( 'NONE', *, *, #438, .F. ) ;
#795 = EDGE_CURVE ( 'NONE', #1292, #97, #315, .T. ) ;
#796 = ORIENTED_EDGE ( 'NONE', *, *, #384, .T. ) ;
#797 = LINE ( 'NONE', #170, #810 ) ;
#798 = PLANE ( 'NONE',  #945 ) ;
#799 = CARTESIAN_POINT ( 'NONE',  ( -0.03700000000000000511, 0.01309400000000000841, -0.009781478934870685774 ) ) ;
#800 = EDGE_CURVE ( 'NONE', #167, #686, #690, .T. ) ;
#801 = ORIENTED_EDGE ( 'NONE', *, *, #498, .T. ) ;
#802 = ORIENTED_EDGE ( 'NONE', *, *, #1226, .F. ) ;
#803 = DIRECTION ( 'NONE',  ( 0.000000000000000000, -1.000000000000000000, 0.000000000000000000 ) ) ;
#804 = DIRECTION ( 'NONE',  ( 0.000000000000000000, 0.000000000000000000, 1.000000000000000000 ) ) ;
#805 = SURFACE_STYLE_FILL_AREA ( #578 ) ;
#806 = DIRECTION ( 'NONE',  ( -0.7071067811864985009, 8.659560562355533132E-17, -0.7071067811865965336 ) ) ;
#807 = DIRECTION ( 'NONE',  ( 0.000000000000000000, 0.000000000000000000, 1.000000000000000000 ) ) ;
#808 = AXIS2_PLACEMENT_3D ( 'NONE', #693, #893, #169 ) ;
#809 = EDGE_LOOP ( 'NONE', ( #820, #236, #891, #534 ) ) ;
#810 = VECTOR ( 'NONE', #490, 1.000000000000000000 ) ;
#811 = CARTESIAN_POINT ( 'NONE',  ( -0.04475000000000001199, 0.01309400000000000841, -0.03172138177125621850 ) ) ;
#812 = VECTOR ( 'NONE', #669, 1.000000000000000000 ) ;
#813 = AXIS2_PLACEMENT_3D ( 'NONE', #665, #952, #1077 ) ;
#814 = DIRECTION ( 'NONE',  ( -0.9659258262890683122, -0.2588190451025209060, 0.000000000000000000 ) ) ;
#815 = FACE_OUTER_BOUND ( 'NONE', #837, .T. ) ;
#816 = DIRECTION ( 'NONE',  ( 0.000000000000000000, 0.000000000000000000, 1.000000000000000000 ) ) ;
#817 = DIRECTION ( 'NONE',  ( 0.000000000000000000, 0.000000000000000000, 1.000000000000000000 ) ) ;
#818 = VERTEX_POINT ( 'NONE', #948 ) ;
#819 = FACE_BOUND ( 'NONE', #63, .T. ) ;
#820 = ORIENTED_EDGE ( 'NONE', *, *, #879, .F. ) ;
#821 = CARTESIAN_POINT ( 'NONE',  ( -0.03700000000000000511, 0.02148300000000000209, -0.06958569652801169236 ) ) ;
#822 = CARTESIAN_POINT ( 'NONE',  ( -0.03700000000000000511, 0.01388299999999999951, -0.01450000000000000594 ) ) ;
#823 = PLANE ( 'NONE',  #1305 ) ;
#824 =( GEOMETRIC_REPRESENTATION_CONTEXT ( 3 ) GLOBAL_UNCERTAINTY_ASSIGNED_CONTEXT ( ( #973 ) ) GLOBAL_UNIT_ASSIGNED_CONTEXT ( ( #146, #1326, #1106 ) ) REPRESENTATION_CONTEXT ( 'NONE', 'WORKASPACE' ) );
#825 = VERTEX_POINT ( 'NONE', #1068 ) ;
#826 = DIRECTION ( 'NONE',  ( 0.000000000000000000, 1.000000000000000000, -0.000000000000000000 ) ) ;
#827 = ORIENTED_EDGE ( 'NONE', *, *, #895, .F. ) ;
#828 = UNCERTAINTY_MEASURE_WITH_UNIT (LENGTH_MEASURE( 1.000000000000000082E-05 ), #1339, 'distance_accuracy_value', 'NONE');
#829 = DIRECTION ( 'NONE',  ( 0.000000000000000000, 0.000000000000000000, -1.000000000000000000 ) ) ;
#830 = DIRECTION ( 'NONE',  ( 0.000000000000000000, 0.000000000000000000, 1.000000000000000000 ) ) ;
#831 = ADVANCED_FACE ( 'NONE', ( #548 ), #964, .F. ) ;
#832 = EDGE_CURVE ( 'NONE', #844, #262, #322, .T. ) ;
#833 = CARTESIAN_POINT ( 'NONE',  ( -0.04249999999999998224, 0.01009400000000000575, -0.02300000000000000655 ) ) ;
#834 = CARTESIAN_POINT ( 'NONE',  ( -0.04475000000000001199, 0.01309400000000000841, -0.01775576089416898776 ) ) ;
#835 = EDGE_LOOP ( 'NONE', ( #249, #467, #400, #991 ) ) ;
#836 = DIRECTION ( 'NONE',  ( 1.000000000000000000, 0.000000000000000000, 0.000000000000000000 ) ) ;
#837 = EDGE_LOOP ( 'NONE', ( #1287, #406, #1295, #712 ) ) ;
#838 = EDGE_CURVE ( 'NONE', #525, #1292, #1062, .T. ) ;
#839 = AXIS2_PLACEMENT_3D ( 'NONE', #725, #731, #326 ) ;
#840 = CARTESIAN_POINT ( 'NONE',  ( -0.04475000000000001199, 0.01009400000000000575, -0.02300000000000000655 ) ) ;
#841 = DIRECTION ( 'NONE',  ( 0.000000000000000000, 0.000000000000000000, 1.000000000000000000 ) ) ;
#842 = ORIENTED_EDGE ( 'NONE', *, *, #832, .F. ) ;
#843 = DIRECTION ( 'NONE',  ( 0.000000000000000000, 0.000000000000000000, 1.000000000000000000 ) ) ;
#844 = VERTEX_POINT ( 'NONE', #533 ) ;
#845 = DIRECTION ( 'NONE',  ( 0.000000000000000000, 0.000000000000000000, 1.000000000000000000 ) ) ;
#846 = ORIENTED_EDGE ( 'NONE', *, *, #1247, .F. ) ;
#847 = CARTESIAN_POINT ( 'NONE',  ( -0.03400000000000001632, 0.02148300000000000209, -0.06958569652801169236 ) ) ;
#848 = EDGE_LOOP ( 'NONE', ( #644, #1201, #1377, #16 ) ) ;
#849 = CARTESIAN_POINT ( 'NONE',  ( -0.03400000000000001632, 0.01388299999999999951, -0.006500000000000004038 ) ) ;
#850 = EDGE_LOOP ( 'NONE', ( #93, #1342, #1390, #351 ) ) ;
#851 = DIRECTION ( 'NONE',  ( 0.000000000000000000, 0.000000000000000000, 1.000000000000000000 ) ) ;
#852 = ORIENTED_EDGE ( 'NONE', *, *, #1045, .T. ) ;
#853 = CARTESIAN_POINT ( 'NONE',  ( -0.04475000000000001199, 0.01309400000000000841, -0.03172138177125621850 ) ) ;
#854 = AXIS2_PLACEMENT_3D ( 'NONE', #972, #337, #742 ) ;
#855 = ADVANCED_FACE ( 'NONE', ( #1082 ), #237, .F. ) ;
#856 = DIRECTION ( 'NONE',  ( 1.000000000000000000, 0.000000000000000000, 0.000000000000000000 ) ) ;
#857 = AXIS2_PLACEMENT_3D ( 'NONE', #962, #653, #875 ) ;
#858 = VECTOR ( 'NONE', #970, 1.000000000000000000 ) ;
#859 = VERTEX_POINT ( 'NONE', #1161 ) ;
#860 = DIRECTION ( 'NONE',  ( -1.000000000000000000, -0.000000000000000000, -0.000000000000000000 ) ) ;
#861 = ORIENTED_EDGE ( 'NONE', *, *, #250, .T. ) ;
#862 = DIRECTION ( 'NONE',  ( -1.000000000000000000, -0.000000000000000000, -0.000000000000000000 ) ) ;
#863 = EDGE_CURVE ( 'NONE', #976, #297, #1170, .T. ) ;
#864 = EDGE_CURVE ( 'NONE', #1061, #1163, #1184, .T. ) ;
#865 = CARTESIAN_POINT ( 'NONE',  ( -0.03700000000000000511, 0.01388299999999999951, -0.006500000000000004038 ) ) ;
#866 = ORIENTED_EDGE ( 'NONE', *, *, #890, .T. ) ;
#867 = CARTESIAN_POINT ( 'NONE',  ( 0.000000000000000000, 0.01309400000000000841, -0.03172138177125621850 ) ) ;
#868 = VERTEX_POINT ( 'NONE', #657 ) ;
#869 = CARTESIAN_POINT ( 'NONE',  ( -0.03700000000000000511, 0.01388299999999999951, -0.01112500000000000641 ) ) ;
#870 = DIRECTION ( 'NONE',  ( 0.000000000000000000, 0.000000000000000000, 1.000000000000000000 ) ) ;
#871 = ORIENTED_EDGE ( 'NONE', *, *, #538, .F. ) ;
#872 = DIRECTION ( 'NONE',  ( 1.000000000000000000, 0.000000000000000000, 0.000000000000000000 ) ) ;
#873 = ORIENTED_EDGE ( 'NONE', *, *, #688, .F. ) ;
#874 = CARTESIAN_POINT ( 'NONE',  ( -0.04223205080756886609, -0.02250600000000000517, -0.03172138177125621850 ) ) ;
#875 = DIRECTION ( 'NONE',  ( 0.000000000000000000, 0.000000000000000000, 1.000000000000000000 ) ) ;
#876 = VECTOR ( 'NONE', #907, 1.000000000000000000 ) ;
#877 = ORIENTED_EDGE ( 'NONE', *, *, #1101, .T. ) ;
#878 = AXIS2_PLACEMENT_3D ( 'NONE', #1111, #350, #492 ) ;
#879 = EDGE_CURVE ( 'NONE', #760, #443, #432, .T. ) ;
#880 = PLANE ( 'NONE',  #878 ) ;
#881 = ORIENTED_EDGE ( 'NONE', *, *, #795, .T. ) ;
#882 = CARTESIAN_POINT ( 'NONE',  ( -0.04700000000000001399, 0.01388299999999999951, -0.01450000000000000594 ) ) ;
#883 = DIRECTION ( 'NONE',  ( -1.000000000000000000, -0.000000000000000000, -0.000000000000000000 ) ) ;
#884 = CARTESIAN_POINT ( 'NONE',  ( 0.000000000000000000, 0.01309400000000000841, -0.03172138177125621850 ) ) ;
#885 = ORIENTED_EDGE ( 'NONE', *, *, #617, .F. ) ;
#886 = PRODUCT_DEFINITION ( 'UNKNOWN', '', #627, #460 ) ;
#887 = CARTESIAN_POINT ( 'NONE',  ( -0.03535000000000000642, 0.01388299999999999951, -0.01270000000000000642 ) ) ;
#888 = DIRECTION ( 'NONE',  ( -1.000000000000000000, -0.000000000000000000, -0.000000000000000000 ) ) ;
#889 = DIRECTION ( 'NONE',  ( -1.000000000000000000, -0.000000000000000000, -0.000000000000000000 ) ) ;
#890 = EDGE_CURVE ( 'NONE', #206, #117, #748, .T. ) ;
#891 = ORIENTED_EDGE ( 'NONE', *, *, #1291, .T. ) ;
#892 = ORIENTED_EDGE ( 'NONE', *, *, #795, .F. ) ;
#893 = DIRECTION ( 'NONE',  ( 1.000000000000000000, 2.985176667128666934E-16, -0.000000000000000000 ) ) ;
#894 = FACE_OUTER_BOUND ( 'NONE', #938, .T. ) ;
#895 = EDGE_CURVE ( 'NONE', #503, #89, #1374, .T. ) ;
#896 = AXIS2_PLACEMENT_3D ( 'NONE', #330, #346, #1296 ) ;
#897 = CARTESIAN_POINT ( 'NONE',  ( -0.03400000000000001632, 0.02148300000000000209, 0.000000000000000000 ) ) ;
#898 = EDGE_LOOP ( 'NONE', ( #429, #363, #130, #1311 ) ) ;
#899 = VECTOR ( 'NONE', #241, 1.000000000000000000 ) ;
#900 = FACE_BOUND ( 'NONE', #419, .T. ) ;
#901 = EDGE_CURVE ( 'NONE', #1321, #1037, #746, .T. ) ;
#902 = EDGE_CURVE ( 'NONE', #825, #904, #716, .T. ) ;
#903 = LINE ( 'NONE', #1355, #277 ) ;
#904 = VERTEX_POINT ( 'NONE', #23 ) ;
#905 = ORIENTED_EDGE ( 'NONE', *, *, #1330, .F. ) ;
#906 = CARTESIAN_POINT ( 'NONE',  ( -0.03700000000000000511, 0.01388299999999999951, -0.003125000000000004510 ) ) ;
#907 = DIRECTION ( 'NONE',  ( -1.000000000000000000, 0.000000000000000000, 0.000000000000000000 ) ) ;
#908 = LINE ( 'NONE', #276, #769 ) ;
#909 = ORIENTED_EDGE ( 'NONE', *, *, #498, .F. ) ;
#910 = VERTEX_POINT ( 'NONE', #671 ) ;
#911 = CARTESIAN_POINT ( 'NONE',  ( 0.000000000000000000, -0.02650599999999999831, -0.02300000000000000655 ) ) ;
#912 = CARTESIAN_POINT ( 'NONE',  ( -0.04475000000000001199, 0.000000000000000000, -0.02300000000000000655 ) ) ;
#913 = CARTESIAN_POINT ( 'NONE',  ( -0.04475000000000001199, 0.01309400000000000841, -0.01124423910583102412 ) ) ;
#914 = VECTOR ( 'NONE', #993, 1.000000000000000000 ) ;
#915 = CYLINDRICAL_SURFACE ( 'NONE', #1308, 0.001799999999999999517 ) ;
#916 = CARTESIAN_POINT ( 'NONE',  ( -0.03700000000000000511, 0.01388299999999999951, -0.01450000000000000594 ) ) ;
#917 = EDGE_LOOP ( 'NONE', ( #1058, #349, #909, #567 ) ) ;
#918 = AXIS2_PLACEMENT_3D ( 'NONE', #59, #1332, #784 ) ;
#919 = EDGE_CURVE ( 'NONE', #868, #474, #1016, .T. ) ;
#920 = CARTESIAN_POINT ( 'NONE',  ( -0.03400000000000000244, -0.02500600000000000045, -0.06958569652801169236 ) ) ;
#921 = MECHANICAL_DESIGN_GEOMETRIC_PRESENTATION_REPRESENTATION (  '', ( #1160 ), #252 ) ;
#922 = VECTOR ( 'NONE', #427, 1.000000000000000000 ) ;
#923 = VECTOR ( 'NONE', #539, 1.000000000000000000 ) ;
#924 = CARTESIAN_POINT ( 'NONE',  ( 0.000000000000000000, 0.000000000000000000, 0.000000000000000000 ) ) ;
#925 = DIRECTION ( 'NONE',  ( -0.7071067811865516806, -0.7071067811865434649, 0.000000000000000000 ) ) ;
#926 = FACE_OUTER_BOUND ( 'NONE', #362, .T. ) ;
#927 = VERTEX_POINT ( 'NONE', #1240 ) ;
#928 = DIRECTION ( 'NONE',  ( 0.000000000000000000, 0.000000000000000000, 1.000000000000000000 ) ) ;
#929 = EDGE_CURVE ( 'NONE', #272, #951, #908, .T. ) ;
#930 = VERTEX_POINT ( 'NONE', #270 ) ;
#931 = EDGE_CURVE ( 'NONE', #868, #825, #381, .T. ) ;
#932 = LINE ( 'NONE', #1032, #320 ) ;
#933 = DIRECTION ( 'NONE',  ( -1.000000000000000000, 0.000000000000000000, 0.000000000000000000 ) ) ;
#934 = FACE_OUTER_BOUND ( 'NONE', #1096, .T. ) ;
#935 = EDGE_CURVE ( 'NONE', #474, #904, #695, .T. ) ;
#936 = ORIENTED_EDGE ( 'NONE', *, *, #435, .T. ) ;
#937 = DIRECTION ( 'NONE',  ( -1.000000000000000000, -0.000000000000000000, -0.000000000000000000 ) ) ;
#938 = EDGE_LOOP ( 'NONE', ( #257, #56 ) ) ;
#939 = CYLINDRICAL_SURFACE ( 'NONE', #547, 0.001799999999999999517 ) ;
#940 = LINE ( 'NONE', #83, #160 ) ;
#941 = ORIENTED_EDGE ( 'NONE', *, *, #104, .T. ) ;
#942 = DIRECTION ( 'NONE',  ( -1.000000000000000000, 0.000000000000000000, 0.000000000000000000 ) ) ;
#943 = VECTOR ( 'NONE', #1105, 1.000000000000000000 ) ;
#944 = AXIS2_PLACEMENT_3D ( 'NONE', #585, #1006, #670 ) ;
#945 = AXIS2_PLACEMENT_3D ( 'NONE', #1002, #261, #1239 ) ;
#946 = LINE ( 'NONE', #1041, #136 ) ;
#947 = VERTEX_POINT ( 'NONE', #607 ) ;
#948 = CARTESIAN_POINT ( 'NONE',  ( -0.03700000000000000511, 0.01309400000000000841, -0.02300000000000000655 ) ) ;
#949 = EDGE_LOOP ( 'NONE', ( #79, #958, #971, #482 ) ) ;
#950 = PLANE ( 'NONE',  #1075 ) ;
#951 = VERTEX_POINT ( 'NONE', #1347 ) ;
#952 = DIRECTION ( 'NONE',  ( -1.000000000000000000, -0.000000000000000000, -0.000000000000000000 ) ) ;
#953 = ORIENTED_EDGE ( 'NONE', *, *, #1281, .F. ) ;
#954 = CARTESIAN_POINT ( 'NONE',  ( -0.04156794919243111258, -0.02250599999999999823, -0.003000000000000006134 ) ) ;
#955 = CARTESIAN_POINT ( 'NONE',  ( -0.03700000000000000511, 0.01388299999999999951, -0.01450000000000000594 ) ) ;
#956 = ORIENTED_EDGE ( 'NONE', *, *, #1152, .T. ) ;
#957 = LINE ( 'NONE', #420, #331 ) ;
#958 = ORIENTED_EDGE ( 'NONE', *, *, #663, .T. ) ;
#959 = EDGE_CURVE ( 'NONE', #1386, #1259, #1129, .T. ) ;
#960 = VECTOR ( 'NONE', #1164, 1.000000000000000000 ) ;
#961 = CARTESIAN_POINT ( 'NONE',  ( -0.03700000000000000511, 0.02148300000000000209, -0.02300000000000000655 ) ) ;
#962 = CARTESIAN_POINT ( 'NONE',  ( -0.03700000000000000511, 0.01388299999999999951, -0.006500000000000004038 ) ) ;
#963 = ORIENTED_EDGE ( 'NONE', *, *, #156, .T. ) ;
#964 = PLANE ( 'NONE',  #985 ) ;
#965 = EDGE_LOOP ( 'NONE', ( #956, #1366, #1359, #200 ) ) ;
#966 = ADVANCED_FACE ( 'NONE', ( #703 ), #397, .F. ) ;
#967 = DIRECTION ( 'NONE',  ( -0.000000000000000000, 1.000000000000000000, -0.000000000000000000 ) ) ;
#968 = DIRECTION ( 'NONE',  ( 0.000000000000000000, -1.000000000000000000, 0.000000000000000000 ) ) ;
#969 = ORIENTED_EDGE ( 'NONE', *, *, #1271, .T. ) ;
#970 = DIRECTION ( 'NONE',  ( 0.000000000000000000, 0.000000000000000000, 1.000000000000000000 ) ) ;
#971 = ORIENTED_EDGE ( 'NONE', *, *, #399, .T. ) ;
#972 = CARTESIAN_POINT ( 'NONE',  ( -0.03535000000000000642, 0.01388299999999999951, -0.01450000000000000594 ) ) ;
#973 = UNCERTAINTY_MEASURE_WITH_UNIT (LENGTH_MEASURE( 1.000000000000000082E-05 ), #146, 'distance_accuracy_value', 'NONE');
#974 = CARTESIAN_POINT ( 'NONE',  ( -0.03700000000000000511, 0.01388299999999999951, -0.01787500000000000547 ) ) ;
#975 = ADVANCED_FACE ( 'NONE', ( #1022 ), #915, .F. ) ;
#976 = VERTEX_POINT ( 'NONE', #799 ) ;
#977 = CARTESIAN_POINT ( 'NONE',  ( -0.005996999999999787223, 0.005996999999999856612, -0.02300000000000000655 ) ) ;
#978 = VERTEX_POINT ( 'NONE', #1310 ) ;
#979 = CARTESIAN_POINT ( 'NONE',  ( -0.03700000000000000511, 0.01309400000000000841, -0.003000000000000006134 ) ) ;
#980 = AXIS2_PLACEMENT_3D ( 'NONE', #476, #1317, #1322 ) ;
#981 = FACE_OUTER_BOUND ( 'NONE', #288, .T. ) ;
#982 = CIRCLE ( 'NONE', #1369, 0.001799999999999999517 ) ;
#983 = VECTOR ( 'NONE', #418, 1.000000000000000000 ) ;
#984 = PLANE ( 'NONE',  #1051 ) ;
#985 = AXIS2_PLACEMENT_3D ( 'NONE', #867, #1294, #638 ) ;
#986 = EDGE_LOOP ( 'NONE', ( #827, #101 ) ) ;
#987 = CARTESIAN_POINT ( 'NONE',  ( -0.03700000000000000511, 0.02148300000000000209, 0.000000000000000000 ) ) ;
#988 = CARTESIAN_POINT ( 'NONE',  ( -0.03700000000000000511, 0.01309400000000000841, -0.003218521065129325773 ) ) ;
#989 = CARTESIAN_POINT ( 'NONE',  ( -0.03400000000000001632, 0.01388299999999999951, -0.008300000000000003555 ) ) ;
#990 = VECTOR ( 'NONE', #386, 1.000000000000000000 ) ;
#991 = ORIENTED_EDGE ( 'NONE', *, *, #902, .F. ) ;
#992 = ORIENTED_EDGE ( 'NONE', *, *, #468, .F. ) ;
#993 = DIRECTION ( 'NONE',  ( 1.000000000000000000, 0.000000000000000000, 0.000000000000000000 ) ) ;
#994 = ADVANCED_FACE ( 'NONE', ( #61 ), #880, .T. ) ;
#995 = CARTESIAN_POINT ( 'NONE',  ( -0.03712953983041929890, -0.009948830212900060949, -0.02300000000000000655 ) ) ;
#996 = LINE ( 'NONE', #268, #68 ) ;
#997 = EDGE_LOOP ( 'NONE', ( #618, #1134, #963, #684, #286, #216 ) ) ;
#998 = EDGE_CURVE ( 'NONE', #1061, #142, #165, .T. ) ;
#999 = FACE_BOUND ( 'NONE', #986, .T. ) ;
#1000 = EDGE_CURVE ( 'NONE', #167, #930, #284, .T. ) ;
#1001 = CARTESIAN_POINT ( 'NONE',  ( -0.03712953983041929890, -0.009948830212900060949, -0.03172138177125621850 ) ) ;
#1002 = CARTESIAN_POINT ( 'NONE',  ( -0.04105692458814873269, 0.01100116978709968218, -0.03172138177125621850 ) ) ;
#1003 = CARTESIAN_POINT ( 'NONE',  ( -0.03700000000000000511, 0.01388299999999999951, -0.01270000000000000642 ) ) ;
#1004 = EDGE_CURVE ( 'NONE', #624, #597, #903, .T. ) ;
#1005 = AXIS2_PLACEMENT_3D ( 'NONE', #379, #888, #793 ) ;
#1006 = DIRECTION ( 'NONE',  ( -1.000000000000000000, -0.000000000000000000, -0.000000000000000000 ) ) ;
#1007 = VERTEX_POINT ( 'NONE', #54 ) ;
#1008 = VECTOR ( 'NONE', #100, 1.000000000000000000 ) ;
#1009 = DIRECTION ( 'NONE',  ( 0.000000000000000000, -0.000000000000000000, -1.000000000000000000 ) ) ;
#1010 = DIRECTION ( 'NONE',  ( 1.000000000000000000, 0.000000000000000000, 0.000000000000000000 ) ) ;
#1011 = CARTESIAN_POINT ( 'NONE',  ( 0.000000000000000000, 0.01009400000000000575, -0.02300000000000000655 ) ) ;
#1012 = EDGE_LOOP ( 'NONE', ( #445, #1103, #30, #1131, #1116 ) ) ;
#1013 = ORIENTED_EDGE ( 'NONE', *, *, #1135, .F. ) ;
#1014 = LINE ( 'NONE', #681, #943 ) ;
#1015 = DIRECTION ( 'NONE',  ( -0.000000000000000000, 1.000000000000000000, 0.000000000000000000 ) ) ;
#1016 = LINE ( 'NONE', #1223, #139 ) ;
#1017 = LINE ( 'NONE', #1023, #449 ) ;
#1018 = EDGE_CURVE ( 'NONE', #443, #760, #210, .T. ) ;
#1019 = EDGE_LOOP ( 'NONE', ( #753, #265, #654, #1088 ) ) ;
#1020 = FACE_OUTER_BOUND ( 'NONE', #451, .T. ) ;
#1021 = DIRECTION ( 'NONE',  ( 0.000000000000000000, 0.000000000000000000, 1.000000000000000000 ) ) ;
#1022 = FACE_OUTER_BOUND ( 'NONE', #43, .T. ) ;
#1023 = CARTESIAN_POINT ( 'NONE',  ( -0.03700000000000000511, 0.01309400000000000841, -0.03172138177125621850 ) ) ;
#1024 = ADVANCED_FACE ( 'NONE', ( #500 ), #243, .F. ) ;
#1025 = ORIENTED_EDGE ( 'NONE', *, *, #752, .F. ) ;
#1026 = EDGE_CURVE ( 'NONE', #666, #503, #566, .T. ) ;
#1027 = VECTOR ( 'NONE', #718, 1.000000000000000000 ) ;
#1028 = DIRECTION ( 'NONE',  ( -1.000000000000000000, -0.000000000000000000, -0.000000000000000000 ) ) ;
#1029 = ORIENTED_EDGE ( 'NONE', *, *, #129, .F. ) ;
#1030 = CIRCLE ( 'NONE', #592, 0.003349999999999998812 ) ;
#1031 = VECTOR ( 'NONE', #554, 1.000000000000000000 ) ;
#1032 = CARTESIAN_POINT ( 'NONE',  ( -0.04223205080756886609, 0.009094000000000004857, -0.03172138177125621850 ) ) ;
#1033 = CARTESIAN_POINT ( 'NONE',  ( 0.000000000000000000, 0.000000000000000000, 0.000000000000000000 ) ) ;
#1034 = EDGE_CURVE ( 'NONE', #119, #111, #1333, .T. ) ;
#1035 = CARTESIAN_POINT ( 'NONE',  ( -0.03535000000000000642, 0.01388299999999999951, -0.003150000000000005226 ) ) ;
#1036 = CARTESIAN_POINT ( 'NONE',  ( -0.03400000000000001632, 0.02148300000000000209, 0.000000000000000000 ) ) ;
#1037 = VERTEX_POINT ( 'NONE', #96 ) ;
#1038 = AXIS2_PLACEMENT_3D ( 'NONE', #64, #826, #190 ) ;
#1039 = LINE ( 'NONE', #1133, #1205 ) ;
#1040 = ADVANCED_FACE ( 'NONE', ( #1367 ), #1283, .T. ) ;
#1041 = CARTESIAN_POINT ( 'NONE',  ( 0.000000000000000000, 0.009094000000000004857, -0.02300000000000000655 ) ) ;
#1042 = FACE_OUTER_BOUND ( 'NONE', #1019, .T. ) ;
#1043 = ORIENTED_EDGE ( 'NONE', *, *, #192, .T. ) ;
#1044 = DIRECTION ( 'NONE',  ( 0.000000000000000000, 0.000000000000000000, 1.000000000000000000 ) ) ;
#1045 = EDGE_CURVE ( 'NONE', #51, #1259, #234, .T. ) ;
#1046 = CARTESIAN_POINT ( 'NONE',  ( -0.04223205080756886609, 0.009094000000000004857, -0.003000000000000006134 ) ) ;
#1047 = ORIENTED_EDGE ( 'NONE', *, *, #1067, .F. ) ;
#1048 = LINE ( 'NONE', #911, #990 ) ;
#1049 = CIRCLE ( 'NONE', #364, 0.001799999999999999517 ) ;
#1050 = VERTEX_POINT ( 'NONE', #1267 ) ;
#1051 = AXIS2_PLACEMENT_3D ( 'NONE', #884, #1315, #356 ) ;
#1052 = DIRECTION ( 'NONE',  ( 1.000000000000000000, 0.000000000000000000, 0.000000000000000000 ) ) ;
#1053 = VECTOR ( 'NONE', #1021, 1.000000000000000000 ) ;
#1054 = VECTOR ( 'NONE', #1275, 1.000000000000000000 ) ;
#1055 = CARTESIAN_POINT ( 'NONE',  ( -0.03700000000000000511, 0.01388299999999999951, -0.01450000000000000594 ) ) ;
#1056 = ORIENTED_EDGE ( 'NONE', *, *, #683, .F. ) ;
#1057 = CARTESIAN_POINT ( 'NONE',  ( -0.03697500000000000786, 0.01388299999999999951, -0.006500000000000004038 ) ) ;
#1058 = ORIENTED_EDGE ( 'NONE', *, *, #1376, .F. ) ;
#1059 = CARTESIAN_POINT ( 'NONE',  ( -0.03535000000000000642, 0.01388299999999999951, -0.01115000000000000713 ) ) ;
#1060 = CARTESIAN_POINT ( 'NONE',  ( -0.04700000000000001399, 0.01309400000000000841, -0.01124423910583102412 ) ) ;
#1061 = VERTEX_POINT ( 'NONE', #840 ) ;
#1062 = LINE ( 'NONE', #118, #1031 ) ;
#1063 = ORIENTED_EDGE ( 'NONE', *, *, #863, .F. ) ;
#1064 = CYLINDRICAL_SURFACE ( 'NONE', #787, 0.003349999999999998812 ) ;
#1065 = LINE ( 'NONE', #218, #164 ) ;
#1066 = VERTEX_POINT ( 'NONE', #1035 ) ;
#1067 = EDGE_CURVE ( 'NONE', #951, #1078, #522, .T. ) ;
#1068 = CARTESIAN_POINT ( 'NONE',  ( -0.03850000000000002032, -0.02650599999999999484, -0.02300000000000000655 ) ) ;
#1069 = EDGE_CURVE ( 'NONE', #486, #272, #946, .T. ) ;
#1070 = ORIENTED_EDGE ( 'NONE', *, *, #595, .T. ) ;
#1071 = AXIS2_PLACEMENT_3D ( 'NONE', #772, #325, #1196 ) ;
#1072 = FACE_OUTER_BOUND ( 'NONE', #259, .T. ) ;
#1073 = CARTESIAN_POINT ( 'NONE',  ( -0.03700000000000000511, 0.01388299999999999951, -0.009875000000000003567 ) ) ;
#1074 = ADVANCED_FACE ( 'NONE', ( #641 ), #1375, .T. ) ;
#1075 = AXIS2_PLACEMENT_3D ( 'NONE', #615, #1381, #1145 ) ;
#1076 = ORIENTED_EDGE ( 'NONE', *, *, #109, .F. ) ;
#1077 = DIRECTION ( 'NONE',  ( 0.000000000000000000, 0.000000000000000000, 1.000000000000000000 ) ) ;
#1078 = VERTEX_POINT ( 'NONE', #1046 ) ;
#1079 = CARTESIAN_POINT ( 'NONE',  ( -0.04475000000000001199, 0.01309400000000000841, -0.003244239105831020487 ) ) ;
#1080 = CARTESIAN_POINT ( 'NONE',  ( -0.03697500000000000786, 0.01388299999999999951, -0.009850000000000002850 ) ) ;
#1081 = ORIENTED_EDGE ( 'NONE', *, *, #619, .T. ) ;
#1082 = FACE_OUTER_BOUND ( 'NONE', #835, .T. ) ;
#1083 = ORIENTED_EDGE ( 'NONE', *, *, #412, .F. ) ;
#1084 = CYLINDRICAL_SURFACE ( 'NONE', #229, 0.003349999999999998812 ) ;
#1085 = LINE ( 'NONE', #127, #253 ) ;
#1086 = DIRECTION ( 'NONE',  ( 0.000000000000000000, 0.000000000000000000, 1.000000000000000000 ) ) ;
#1087 = DIRECTION ( 'NONE',  ( 0.9659258262890683122, -0.2588190451025209060, 0.000000000000000000 ) ) ;
#1088 = ORIENTED_EDGE ( 'NONE', *, *, #405, .F. ) ;
#1089 = FILL_AREA_STYLE_COLOUR ( '', #385 ) ;
#1090 = CARTESIAN_POINT ( 'NONE',  ( -0.03700000000000000511, 0.01309400000000000841, -0.01775576089416898776 ) ) ;
#1091 = CARTESIAN_POINT ( 'NONE',  ( -0.04475000000000001199, -0.02350599999999999912, -0.003000000000000006134 ) ) ;
#1092 = VECTOR ( 'NONE', #289, 1.000000000000000000 ) ;
#1093 = AXIS2_PLACEMENT_3D ( 'NONE', #674, #968, #1307 ) ;
#1094 = PLANE ( 'NONE',  #1114 ) ;
#1095 = EDGE_CURVE ( 'NONE', #1335, #1050, #87, .T. ) ;
#1096 = EDGE_LOOP ( 'NONE', ( #1364, #1218, #842, #586 ) ) ;
#1097 = PLANE ( 'NONE',  #980 ) ;
#1098 = DIRECTION ( 'NONE',  ( -1.000000000000000000, -0.000000000000000000, -0.000000000000000000 ) ) ;
#1099 = PRESENTATION_STYLE_ASSIGNMENT (( #171 ) ) ;
#1100 = EDGE_LOOP ( 'NONE', ( #107, #573, #581, #334, #375, #1198, #768, #877, #505, #801, #941, #1235, #457, #637, #776, #1142, #321, #549, #734, #710 ) ) ;
#1101 = EDGE_CURVE ( 'NONE', #262, #76, #515, .T. ) ;
#1102 = EDGE_CURVE ( 'NONE', #760, #1386, #411, .T. ) ;
#1103 = ORIENTED_EDGE ( 'NONE', *, *, #6, .T. ) ;
#1104 = PLANE ( 'NONE',  #203 ) ;
#1105 = DIRECTION ( 'NONE',  ( 0.000000000000000000, 0.000000000000000000, 1.000000000000000000 ) ) ;
#1106 =( NAMED_UNIT ( * ) SI_UNIT ( $, .STERADIAN. ) SOLID_ANGLE_UNIT ( ) );
#1107 = LINE ( 'NONE', #1341, #1371 ) ;
#1108 = ORIENTED_EDGE ( 'NONE', *, *, #610, .T. ) ;
#1109 = PRESENTATION_STYLE_ASSIGNMENT (( #52 ) ) ;
#1110 = CARTESIAN_POINT ( 'NONE',  ( -0.04249999999999998224, -0.02350599999999999912, -0.03172138177125621850 ) ) ;
#1111 = CARTESIAN_POINT ( 'NONE',  ( 0.000000000000000000, 0.01009400000000000575, -0.03172138177125621850 ) ) ;
#1112 = VECTOR ( 'NONE', #722, 1.000000000000000000 ) ;
#1113 = ORIENTED_EDGE ( 'NONE', *, *, #366, .F. ) ;
#1114 = AXIS2_PLACEMENT_3D ( 'NONE', #50, #481, #1086 ) ;
#1115 = VECTOR ( 'NONE', #313, 1.000000000000000000 ) ;
#1116 = ORIENTED_EDGE ( 'NONE', *, *, #141, .F. ) ;
#1117 = VECTOR ( 'NONE', #123, 1.000000000000000000 ) ;
#1118 =( LENGTH_UNIT ( ) NAMED_UNIT ( * ) SI_UNIT ( $, .METRE. ) );
#1119 = PLANE ( 'NONE',  #721 ) ;
#1120 =( NAMED_UNIT ( * ) SI_UNIT ( $, .STERADIAN. ) SOLID_ANGLE_UNIT ( ) );
#1121 = ADVANCED_FACE ( 'NONE', ( #536 ), #939, .F. ) ;
#1122 = DIRECTION ( 'NONE',  ( -1.000000000000000000, -0.000000000000000000, -0.000000000000000000 ) ) ;
#1123 = DIRECTION ( 'NONE',  ( 0.000000000000000000, 1.000000000000000000, 0.000000000000000000 ) ) ;
#1124 = VECTOR ( 'NONE', #1373, 1.000000000000000000 ) ;
#1125 = VERTEX_POINT ( 'NONE', #629 ) ;
#1126 = DIRECTION ( 'NONE',  ( 0.000000000000000000, 0.000000000000000000, 1.000000000000000000 ) ) ;
#1127 = LINE ( 'NONE', #177, #5 ) ;
#1128 = EDGE_CURVE ( 'NONE', #1219, #762, #414, .T. ) ;
#1129 = LINE ( 'NONE', #1231, #166 ) ;
#1130 = DIRECTION ( 'NONE',  ( -1.000000000000000000, 0.000000000000000000, 0.000000000000000000 ) ) ;
#1131 = ORIENTED_EDGE ( 'NONE', *, *, #250, .F. ) ;
#1132 = DIRECTION ( 'NONE',  ( 1.000000000000000000, 0.000000000000000000, 0.000000000000000000 ) ) ;
#1133 = CARTESIAN_POINT ( 'NONE',  ( -0.03700000000000000511, 0.01388299999999999951, -0.003125000000000004510 ) ) ;
#1134 = ORIENTED_EDGE ( 'NONE', *, *, #959, .T. ) ;
#1135 = EDGE_CURVE ( 'NONE', #525, #978, #309, .T. ) ;
#1136 = CARTESIAN_POINT ( 'NONE',  ( -0.03243000000000000049, -0.01981149999999999925, -0.02300000000000000655 ) ) ;
#1137 = CARTESIAN_POINT ( 'NONE',  ( -0.04129999999999998950, -0.02350599999999999912, -0.003000000000000006134 ) ) ;
#1138 = VECTOR ( 'NONE', #1349, 1.000000000000000000 ) ;
#1139 = ORIENTED_EDGE ( 'NONE', *, *, #1258, .F. ) ;
#1140 = EDGE_CURVE ( 'NONE', #209, #664, #499, .T. ) ;
#1141 = FACE_OUTER_BOUND ( 'NONE', #898, .T. ) ;
#1142 = ORIENTED_EDGE ( 'NONE', *, *, #298, .F. ) ;
#1143 = DIRECTION ( 'NONE',  ( -1.000000000000000000, 0.000000000000000000, 0.000000000000000000 ) ) ;
#1144 = DIRECTION ( 'NONE',  ( 0.000000000000000000, 0.000000000000000000, 1.000000000000000000 ) ) ;
#1145 = DIRECTION ( 'NONE',  ( 0.000000000000000000, -0.000000000000000000, -1.000000000000000000 ) ) ;
#1146 = CARTESIAN_POINT ( 'NONE',  ( -0.03712953983041929890, -0.009948830212900060949, -0.003000000000000006134 ) ) ;
#1147 = EDGE_CURVE ( 'NONE', #111, #1320, #403, .T. ) ;
#1148 = EDGE_LOOP ( 'NONE', ( #885, #639, #223, #382 ) ) ;
#1149 = ADVANCED_FACE ( 'NONE', ( #184 ), #950, .F. ) ;
#1150 = CARTESIAN_POINT ( 'NONE',  ( -0.03700000000000000511, 0.01309400000000000841, -0.01121852106512932594 ) ) ;
#1151 = ORIENTED_EDGE ( 'NONE', *, *, #151, .T. ) ;
#1152 = EDGE_CURVE ( 'NONE', #206, #1050, #1030, .T. ) ;
#1153 = CARTESIAN_POINT ( 'NONE',  ( -0.03700000000000000511, 0.01388299999999999951, -0.01785000000000000475 ) ) ;
#1154 = AXIS2_PLACEMENT_3D ( 'NONE', #528, #723, #1188 ) ;
#1155 = EDGE_LOOP ( 'NONE', ( #168, #440 ) ) ;
#1156 = CARTESIAN_POINT ( 'NONE',  ( -0.03400000000000001632, 0.01388299999999999951, -0.01270000000000000642 ) ) ;
#1157 = VERTEX_POINT ( 'NONE', #507 ) ;
#1158 = CARTESIAN_POINT ( 'NONE',  ( -0.03700000000000000511, 0.01388299999999999951, -0.01450000000000000594 ) ) ;
#1159 = ORIENTED_EDGE ( 'NONE', *, *, #863, .T. ) ;
#1160 = STYLED_ITEM ( 'NONE', ( #1109 ), #529 ) ;
#1161 = CARTESIAN_POINT ( 'NONE',  ( -0.04156794919243111952, -0.02250599999999999823, -0.02300000000000000655 ) ) ;
#1162 = VECTOR ( 'NONE', #1344, 1.000000000000000000 ) ;
#1163 = VERTEX_POINT ( 'NONE', #833 ) ;
#1164 = DIRECTION ( 'NONE',  ( -1.000000000000000000, 0.000000000000000000, 0.000000000000000000 ) ) ;
#1165 = AXIS2_PLACEMENT_3D ( 'NONE', #178, #1087, #131 ) ;
#1166 = AXIS2_PLACEMENT_3D ( 'NONE', #1057, #860, #48 ) ;
#1167 = ADVANCED_FACE ( 'NONE', ( #622 ), #91, .F. ) ;
#1168 = DIRECTION ( 'NONE',  ( 0.000000000000000000, 1.000000000000000000, 0.000000000000000000 ) ) ;
#1169 = ORIENTED_EDGE ( 'NONE', *, *, #895, .T. ) ;
#1170 = LINE ( 'NONE', #215, #1054 ) ;
#1171 = ORIENTED_EDGE ( 'NONE', *, *, #227, .F. ) ;
#1172 = LINE ( 'NONE', #645, #46 ) ;
#1173 = CARTESIAN_POINT ( 'NONE',  ( -0.03700000000000000511, -0.02350599999999999912, -0.003000000000000006134 ) ) ;
#1174 = ADVANCED_FACE ( 'NONE', ( #455 ), #303, .F. ) ;
#1175 = AXIS2_PLACEMENT_3D ( 'NONE', #920, #395, #328 ) ;
#1176 = ORIENTED_EDGE ( 'NONE', *, *, #384, .F. ) ;
#1177 = CARTESIAN_POINT ( 'NONE',  ( -0.03535000000000000642, 0.01388299999999999951, -0.01785000000000000475 ) ) ;
#1178 = ORIENTED_EDGE ( 'NONE', *, *, #1018, .F. ) ;
#1179 = FACE_OUTER_BOUND ( 'NONE', #357, .T. ) ;
#1180 = ADVANCED_FACE ( 'NONE', ( #1202 ), #348, .F. ) ;
#1181 = DIRECTION ( 'NONE',  ( 0.000000000000000000, 0.000000000000000000, 1.000000000000000000 ) ) ;
#1182 = EDGE_LOOP ( 'NONE', ( #755, #394, #1113, #1193 ) ) ;
#1183 = VECTOR ( 'NONE', #1227, 1.000000000000000000 ) ;
#1184 = LINE ( 'NONE', #1384, #923 ) ;
#1185 = EDGE_LOOP ( 'NONE', ( #1334, #537, #747, #546, #344, #1029, #1047, #473, #705, #992, #728, #648 ) ) ;
#1186 = VECTOR ( 'NONE', #441, 1.000000000000000000 ) ;
#1187 = LINE ( 'NONE', #4, #960 ) ;
#1188 = DIRECTION ( 'NONE',  ( -1.000000000000000000, 0.000000000000000000, 0.000000000000000000 ) ) ;
#1189 = VECTOR ( 'NONE', #1328, 1.000000000000000000 ) ;
#1190 = CIRCLE ( 'NONE', #1372, 0.003349999999999998812 ) ;
#1191 = DIRECTION ( 'NONE',  ( -1.000000000000000000, -0.000000000000000000, -0.000000000000000000 ) ) ;
#1192 = VECTOR ( 'NONE', #856, 1.000000000000000000 ) ;
#1193 = ORIENTED_EDGE ( 'NONE', *, *, #1069, .T. ) ;
#1194 = CARTESIAN_POINT ( 'NONE',  ( -0.03400000000000001632, 0.01388299999999999951, -0.006500000000000004038 ) ) ;
#1195 = ORIENTED_EDGE ( 'NONE', *, *, #545, .F. ) ;
#1196 = DIRECTION ( 'NONE',  ( 0.000000000000000000, 0.000000000000000000, 1.000000000000000000 ) ) ;
#1197 = CARTESIAN_POINT ( 'NONE',  ( -0.04249999999999998224, 0.01009400000000000575, -0.03172138177125621850 ) ) ;
#1198 = ORIENTED_EDGE ( 'NONE', *, *, #290, .T. ) ;
#1199 = DIRECTION ( 'NONE',  ( -1.000000000000000000, -0.000000000000000000, -0.000000000000000000 ) ) ;
#1200 = AXIS2_PLACEMENT_3D ( 'NONE', #407, #706, #1343 ) ;
#1201 = ORIENTED_EDGE ( 'NONE', *, *, #213, .F. ) ;
#1202 = FACE_OUTER_BOUND ( 'NONE', #1383, .T. ) ;
#1203 = DIRECTION ( 'NONE',  ( 0.000000000000000000, 0.000000000000000000, 1.000000000000000000 ) ) ;
#1204 = EDGE_LOOP ( 'NONE', ( #22, #70, #103, #39 ) ) ;
#1205 = VECTOR ( 'NONE', #720, 1.000000000000000000 ) ;
#1206 = CARTESIAN_POINT ( 'NONE',  ( 0.000000000000000000, -0.02350599999999999912, -0.03172138177125621850 ) ) ;
#1207 = DIRECTION ( 'NONE',  ( 0.000000000000000000, 0.000000000000000000, -1.000000000000000000 ) ) ;
#1208 = EDGE_CURVE ( 'NONE', #818, #209, #225, .T. ) ;
#1209 = AXIS2_PLACEMENT_3D ( 'NONE', #235, #28, #1313 ) ;
#1210 = ORIENTED_EDGE ( 'NONE', *, *, #659, .T. ) ;
#1211 = ORIENTED_EDGE ( 'NONE', *, *, #227, .T. ) ;
#1212 = CARTESIAN_POINT ( 'NONE',  ( 0.000000000000000000, 0.01309400000000000841, -0.02300000000000000655 ) ) ;
#1213 = UNCERTAINTY_MEASURE_WITH_UNIT (LENGTH_MEASURE( 1.000000000000000082E-05 ), #1118, 'distance_accuracy_value', 'NONE');
#1214 = DIRECTION ( 'NONE',  ( -1.000000000000000000, -0.000000000000000000, -0.000000000000000000 ) ) ;
#1215 = VECTOR ( 'NONE', #942, 1.000000000000000000 ) ;
#1216 = VECTOR ( 'NONE', #201, 1.000000000000000000 ) ;
#1217 = EDGE_CURVE ( 'NONE', #191, #927, #767, .T. ) ;
#1218 = ORIENTED_EDGE ( 'NONE', *, *, #240, .F. ) ;
#1219 = VERTEX_POINT ( 'NONE', #989 ) ;
#1220 = LINE ( 'NONE', #266, #296 ) ;
#1221 = CARTESIAN_POINT ( 'NONE',  ( -0.03700000000000000511, 0.01309400000000000841, -0.01778147893487068421 ) ) ;
#1222 = CARTESIAN_POINT ( 'NONE',  ( -0.04700000000000001399, 0.01309400000000000841, -0.003244239105831021788 ) ) ;
#1223 = CARTESIAN_POINT ( 'NONE',  ( -0.03700000000000000511, -0.02500600000000000045, -0.06958569652801169236 ) ) ;
#1224 = LINE ( 'NONE', #897, #1189 ) ;
#1225 = VERTEX_POINT ( 'NONE', #557 ) ;
#1226 = EDGE_CURVE ( 'NONE', #1225, #555, #1065, .T. ) ;
#1227 = DIRECTION ( 'NONE',  ( 1.000000000000000000, 0.000000000000000000, 0.000000000000000000 ) ) ;
#1228 = VECTOR ( 'NONE', #57, 0.9999999999999998890 ) ;
#1229 = LINE ( 'NONE', #484, #876 ) ;
#1230 = SHAPE_REPRESENTATION ( 'Part2^Nebula camera mount Prusa Mk4s', ( #724 ), #1327 ) ;
#1231 = CARTESIAN_POINT ( 'NONE',  ( -0.03700000000000000511, 0.01388299999999999951, -0.01787500000000000547 ) ) ;
#1232 = AXIS2_PLACEMENT_3D ( 'NONE', #1318, #1214, #593 ) ;
#1233 = CARTESIAN_POINT ( 'NONE',  ( -0.03400000000000001632, 0.01388299999999999951, -0.01450000000000000594 ) ) ;
#1234 = AXIS2_PLACEMENT_3D ( 'NONE', #1055, #301, #845 ) ;
#1235 = ORIENTED_EDGE ( 'NONE', *, *, #752, .T. ) ;
#1236 = AXIS2_PLACEMENT_3D ( 'NONE', #430, #208, #851 ) ;
#1237 = FACE_BOUND ( 'NONE', #195, .T. ) ;
#1238 = DIRECTION ( 'NONE',  ( -1.000000000000000000, -0.000000000000000000, -0.000000000000000000 ) ) ;
#1239 = DIRECTION ( 'NONE',  ( 0.2588190451025146332, 0.9659258262890698665, 0.000000000000000000 ) ) ;
#1240 = CARTESIAN_POINT ( 'NONE',  ( -0.03535000000000000642, 0.01388299999999999951, -0.008300000000000003555 ) ) ;
#1241 = DIRECTION ( 'NONE',  ( 0.000000000000000000, -1.000000000000000000, 0.000000000000000000 ) ) ;
#1242 = VERTEX_POINT ( 'NONE', #1091 ) ;
#1243 = CARTESIAN_POINT ( 'NONE',  ( 0.000000000000000000, 0.01009400000000000575, -0.003000000000000006134 ) ) ;
#1244 = LINE ( 'NONE', #736, #1092 ) ;
#1245 = DIRECTION ( 'NONE',  ( -1.000000000000000000, -0.000000000000000000, -0.000000000000000000 ) ) ;
#1246 = DIRECTION ( 'NONE',  ( 0.000000000000000000, 1.000000000000000000, -0.000000000000000000 ) ) ;
#1247 = EDGE_CURVE ( 'NONE', #1321, #1007, #779, .T. ) ;
#1248 = ORIENTED_EDGE ( 'NONE', *, *, #727, .F. ) ;
#1249 = DIRECTION ( 'NONE',  ( -1.000000000000000000, -0.000000000000000000, -0.000000000000000000 ) ) ;
#1250 = ORIENTED_EDGE ( 'NONE', *, *, #333, .F. ) ;
#1251 = EDGE_CURVE ( 'NONE', #1163, #425, #115, .T. ) ;
#1252 = DIRECTION ( 'NONE',  ( 1.000000000000000000, 0.000000000000000000, 0.000000000000000000 ) ) ;
#1253 = EDGE_CURVE ( 'NONE', #1292, #417, #552, .T. ) ;
#1254 = LINE ( 'NONE', #1146, #613 ) ;
#1255 = AXIS2_PLACEMENT_3D ( 'NONE', #1288, #426, #126 ) ;
#1256 = ORIENTED_EDGE ( 'NONE', *, *, #935, .F. ) ;
#1257 = DIRECTION ( 'NONE',  ( 0.000000000000000000, 0.000000000000000000, -1.000000000000000000 ) ) ;
#1258 = EDGE_CURVE ( 'NONE', #930, #238, #36, .T. ) ;
#1259 = VERTEX_POINT ( 'NONE', #974 ) ;
#1260 = CIRCLE ( 'NONE', #568, 0.003374999999999999528 ) ;
#1261 = DIRECTION ( 'NONE',  ( 0.000000000000000000, 0.000000000000000000, 1.000000000000000000 ) ) ;
#1262 = DIRECTION ( 'NONE',  ( -1.000000000000000000, -0.000000000000000000, -0.000000000000000000 ) ) ;
#1263 = DIRECTION ( 'NONE',  ( 0.000000000000000000, 0.000000000000000000, 1.000000000000000000 ) ) ;
#1264 = ORIENTED_EDGE ( 'NONE', *, *, #786, .T. ) ;
#1265 = PLANE ( 'NONE',  #1038 ) ;
#1266 = ORIENTED_EDGE ( 'NONE', *, *, #13, .T. ) ;
#1267 = CARTESIAN_POINT ( 'NONE',  ( -0.03700000000000000511, 0.01309400000000000841, -0.01124423910583102412 ) ) ;
#1268 = CIRCLE ( 'NONE', #1382, 0.003374999999999999528 ) ;
#1269 = EDGE_LOOP ( 'NONE', ( #72, #1178, #1108, #197 ) ) ;
#1270 = DIRECTION ( 'NONE',  ( -1.000000000000000000, -0.000000000000000000, -0.000000000000000000 ) ) ;
#1271 = EDGE_CURVE ( 'NONE', #1007, #976, #1260, .T. ) ;
#1272 = DIRECTION ( 'NONE',  ( -1.000000000000000000, 0.000000000000000000, 0.000000000000000000 ) ) ;
#1273 =( REPRESENTATION_RELATIONSHIP ('NONE','NONE', #128, #1230 ) REPRESENTATION_RELATIONSHIP_WITH_TRANSFORMATION ( #355 )SHAPE_REPRESENTATION_RELATIONSHIP( ) );
#1274 = ORIENTED_EDGE ( 'NONE', *, *, #998, .T. ) ;
#1275 = DIRECTION ( 'NONE',  ( 0.000000000000000000, 0.000000000000000000, 1.000000000000000000 ) ) ;
#1276 = CIRCLE ( 'NONE', #854, 0.001799999999999999517 ) ;
#1277 = ORIENTED_EDGE ( 'NONE', *, *, #240, .T. ) ;
#1278 = EDGE_CURVE ( 'NONE', #686, #951, #1085, .T. ) ;
#1279 = LINE ( 'NONE', #869, #1303 ) ;
#1280 = VECTOR ( 'NONE', #480, 1.000000000000000000 ) ;
#1281 = EDGE_CURVE ( 'NONE', #1066, #1037, #1319, .T. ) ;
#1282 = CIRCLE ( 'NONE', #94, 0.001799999999999999517 ) ;
#1283 = PLANE ( 'NONE',  #839 ) ;
#1284 = EDGE_LOOP ( 'NONE', ( #892, #122, #732, #279 ) ) ;
#1285 = ADVANCED_FACE ( 'NONE', ( #981 ), #655, .F. ) ;
#1286 = CARTESIAN_POINT ( 'NONE',  ( -0.03700000000000000511, 0.01388299999999999951, -0.006500000000000004038 ) ) ;
#1287 = ORIENTED_EDGE ( 'NONE', *, *, #800, .T. ) ;
#1288 = CARTESIAN_POINT ( 'NONE',  ( 0.000000000000000000, 0.000000000000000000, -0.003000000000000006134 ) ) ;
#1289 =( NAMED_UNIT ( * ) PLANE_ANGLE_UNIT ( ) SI_UNIT ( $, .RADIAN. ) );
#1290 = DIRECTION ( 'NONE',  ( -1.000000000000000000, -0.000000000000000000, -0.000000000000000000 ) ) ;
#1291 = EDGE_CURVE ( 'NONE', #1386, #579, #745, .T. ) ;
#1292 = VERTEX_POINT ( 'NONE', #464 ) ;
#1293 = AXIS2_PLACEMENT_3D ( 'NONE', #711, #836, #1257 ) ;
#1294 = DIRECTION ( 'NONE',  ( 0.000000000000000000, -1.000000000000000000, 0.000000000000000000 ) ) ;
#1295 = ORIENTED_EDGE ( 'NONE', *, *, #929, .F. ) ;
#1296 = DIRECTION ( 'NONE',  ( 0.2588190451025146332, -0.9659258262890698665, 0.000000000000000000 ) ) ;
#1297 = CARTESIAN_POINT ( 'NONE',  ( -0.03700000000000000511, 0.01388299999999999951, -0.006500000000000004038 ) ) ;
#1298 = EDGE_CURVE ( 'NONE', #117, #1335, #1190, .T. ) ;
#1299 = ORIENTED_EDGE ( 'NONE', *, *, #129, .T. ) ;
#1300 = DIRECTION ( 'NONE',  ( 0.000000000000000000, 1.000000000000000000, 0.000000000000000000 ) ) ;
#1301 = ORIENTED_EDGE ( 'NONE', *, *, #506, .F. ) ;
#1302 = ADVANCED_BREP_SHAPE_REPRESENTATION ( '', ( #529, #724 ), #1327 ) ;
#1303 = VECTOR ( 'NONE', #217, 1.000000000000000000 ) ;
#1304 = PLANE ( 'NONE',  #896 ) ;
#1305 = AXIS2_PLACEMENT_3D ( 'NONE', #616, #1246, #293 ) ;
#1306 = AXIS2_PLACEMENT_3D ( 'NONE', #21, #1191, #765 ) ;
#1307 = DIRECTION ( 'NONE',  ( 0.000000000000000000, -0.000000000000000000, -1.000000000000000000 ) ) ;
#1308 = AXIS2_PLACEMENT_3D ( 'NONE', #601, #1245, #450 ) ;
#1309 = ORIENTED_EDGE ( 'NONE', *, *, #1208, .T. ) ;
#1310 = CARTESIAN_POINT ( 'NONE',  ( -0.03400000000000000244, -0.02500600000000000045, 0.000000000000000000 ) ) ;
#1311 = ORIENTED_EDGE ( 'NONE', *, *, #919, .F. ) ;
#1312 = DIRECTION ( 'NONE',  ( -1.000000000000000000, -0.000000000000000000, -0.000000000000000000 ) ) ;
#1313 = DIRECTION ( 'NONE',  ( 0.000000000000000000, 0.000000000000000000, 1.000000000000000000 ) ) ;
#1314 = SHAPE_DEFINITION_REPRESENTATION ( #372, #1230 ) ;
#1315 = DIRECTION ( 'NONE',  ( 0.000000000000000000, -1.000000000000000000, 0.000000000000000000 ) ) ;
#1316 = ORIENTED_EDGE ( 'NONE', *, *, #361, .F. ) ;
#1317 = DIRECTION ( 'NONE',  ( 1.000000000000000000, 0.000000000000000000, 0.000000000000000000 ) ) ;
#1318 = CARTESIAN_POINT ( 'NONE',  ( -0.03697500000000000786, 0.01388299999999999951, -0.01450000000000000594 ) ) ;
#1319 = LINE ( 'NONE', #562, #700 ) ;
#1320 = VERTEX_POINT ( 'NONE', #1173 ) ;
#1321 = VERTEX_POINT ( 'NONE', #1080 ) ;
#1322 = DIRECTION ( 'NONE',  ( 0.000000000000000000, 0.000000000000000000, -1.000000000000000000 ) ) ;
#1323 = ADVANCED_FACE ( 'NONE', ( #543 ), #436, .F. ) ;
#1324 = AXIS2_PLACEMENT_3D ( 'NONE', #233, #556, #561 ) ;
#1325 = LINE ( 'NONE', #1110, #409 ) ;
#1326 =( NAMED_UNIT ( * ) PLANE_ANGLE_UNIT ( ) SI_UNIT ( $, .RADIAN. ) );
#1327 =( GEOMETRIC_REPRESENTATION_CONTEXT ( 3 ) GLOBAL_UNCERTAINTY_ASSIGNED_CONTEXT ( ( #828 ) ) GLOBAL_UNIT_ASSIGNED_CONTEXT ( ( #1339, #785, #1120 ) ) REPRESENTATION_CONTEXT ( 'NONE', 'WORKASPACE' ) );
#1328 = DIRECTION ( 'NONE',  ( -1.000000000000000000, 0.000000000000000000, 0.000000000000000000 ) ) ;
#1329 = ORIENTED_EDGE ( 'NONE', *, *, #1152, .F. ) ;
#1330 = EDGE_CURVE ( 'NONE', #19, #1225, #707, .T. ) ;
#1331 = APPLICATION_CONTEXT ( 'automotive_design' ) ;
#1332 = DIRECTION ( 'NONE',  ( -1.000000000000000000, -0.000000000000000000, -0.000000000000000000 ) ) ;
#1333 = LINE ( 'NONE', #212, #1350 ) ;
#1334 = ORIENTED_EDGE ( 'NONE', *, *, #158, .T. ) ;
#1335 = VERTEX_POINT ( 'NONE', #913 ) ;
#1336 =( NAMED_UNIT ( * ) SI_UNIT ( $, .STERADIAN. ) SOLID_ANGLE_UNIT ( ) );
#1337 = VECTOR ( 'NONE', #1028, 1.000000000000000000 ) ;
#1338 = LINE ( 'NONE', #47, #676 ) ;
#1339 =( LENGTH_UNIT ( ) NAMED_UNIT ( * ) SI_UNIT ( $, .METRE. ) );
#1340 = CARTESIAN_POINT ( 'NONE',  ( -0.03850000000000002032, -0.02650599999999999484, -0.03172138177125621850 ) ) ;
#1341 = CARTESIAN_POINT ( 'NONE',  ( -0.04475000000000001199, 0.01309400000000000841, -0.03172138177125621850 ) ) ;
#1342 = ORIENTED_EDGE ( 'NONE', *, *, #86, .F. ) ;
#1343 = DIRECTION ( 'NONE',  ( 0.000000000000000000, -0.000000000000000000, -1.000000000000000000 ) ) ;
#1344 = DIRECTION ( 'NONE',  ( -0.000000000000000000, 1.000000000000000000, 0.000000000000000000 ) ) ;
#1345 = DIRECTION ( 'NONE',  ( -1.000000000000000000, 0.000000000000000000, 0.000000000000000000 ) ) ;
#1346 = AXIS2_PLACEMENT_3D ( 'NONE', #1206, #803, #1009 ) ;
#1347 = CARTESIAN_POINT ( 'NONE',  ( -0.04156794919243111258, 0.009094000000000004857, -0.003000000000000006134 ) ) ;
#1348 = VECTOR ( 'NONE', #1261, 1.000000000000000000 ) ;
#1349 = DIRECTION ( 'NONE',  ( 0.000000000000000000, -1.000000000000000000, 0.000000000000000000 ) ) ;
#1350 = VECTOR ( 'NONE', #319, 1.000000000000000000 ) ;
#1351 = ORIENTED_EDGE ( 'NONE', *, *, #663, .F. ) ;
#1352 = VECTOR ( 'NONE', #872, 1.000000000000000000 ) ;
#1353 = CARTESIAN_POINT ( 'NONE',  ( -0.03700000000000000511, 0.01388299999999999951, -0.006500000000000004038 ) ) ;
#1354 = ADVANCED_FACE ( 'NONE', ( #815 ), #798, .T. ) ;
#1355 = CARTESIAN_POINT ( 'NONE',  ( -0.03377653983041929708, 0.009050396570678506669, -0.003000000000000006134 ) ) ;
#1356 = PLANE ( 'NONE',  #274 ) ;
#1357 = ORIENTED_EDGE ( 'NONE', *, *, #17, .F. ) ;
#1358 = CARTESIAN_POINT ( 'NONE',  ( -0.04475000000000001199, 0.000000000000000000, 0.000000000000000000 ) ) ;
#1359 = ORIENTED_EDGE ( 'NONE', *, *, #1140, .F. ) ;
#1360 = EDGE_CURVE ( 'NONE', #408, #180, #584, .T. ) ;
#1361 = EDGE_CURVE ( 'NONE', #525, #868, #1127, .T. ) ;
#1362 = DIRECTION ( 'NONE',  ( 0.000000000000000000, 0.000000000000000000, 1.000000000000000000 ) ) ;
#1363 = LINE ( 'NONE', #404, #88 ) ;
#1364 = ORIENTED_EDGE ( 'NONE', *, *, #264, .T. ) ;
#1365 = FACE_OUTER_BOUND ( 'NONE', #1379, .T. ) ;
#1366 = ORIENTED_EDGE ( 'NONE', *, *, #42, .T. ) ;
#1367 = FACE_OUTER_BOUND ( 'NONE', #1182, .T. ) ;
#1368 = LINE ( 'NONE', #413, #1027 ) ;
#1369 = AXIS2_PLACEMENT_3D ( 'NONE', #602, #704, #1263 ) ;
#1370 = ORIENTED_EDGE ( 'NONE', *, *, #595, .F. ) ;
#1371 = VECTOR ( 'NONE', #807, 1.000000000000000000 ) ;
#1372 = AXIS2_PLACEMENT_3D ( 'NONE', #106, #889, #332 ) ;
#1373 = DIRECTION ( 'NONE',  ( 0.000000000000000000, 1.000000000000000000, 0.000000000000000000 ) ) ;
#1374 = CIRCLE ( 'NONE', #1236, 0.001799999999999999517 ) ;
#1375 = PLANE ( 'NONE',  #524 ) ;
#1376 = EDGE_CURVE ( 'NONE', #111, #488, #60, .T. ) ;
#1377 = ORIENTED_EDGE ( 'NONE', *, *, #531, .F. ) ;
#1378 = CARTESIAN_POINT ( 'NONE',  ( -0.04700000000000001399, 0.01309400000000000841, -0.01775576089416898776 ) ) ;
#1379 = EDGE_LOOP ( 'NONE', ( #861, #738, #1250, #423, #1309, #558, #781, #650, #147, #518, #11, #314 ) ) ;
#1380 = PRODUCT_DEFINITION_SHAPE ( 'NONE', 'NONE',  #886 ) ;
#1381 = DIRECTION ( 'NONE',  ( 0.000000000000000000, -1.000000000000000000, 0.000000000000000000 ) ) ;
#1382 = AXIS2_PLACEMENT_3D ( 'NONE', #1353, #937, #843 ) ;
#1383 = EDGE_LOOP ( 'NONE', ( #553, #1083, #124, #871, #1210 ) ) ;
#1384 = CARTESIAN_POINT ( 'NONE',  ( 0.000000000000000000, 0.01009400000000000575, -0.02300000000000000655 ) ) ;
#1385 = EDGE_CURVE ( 'NONE', #818, #417, #606, .T. ) ;
#1386 = VERTEX_POINT ( 'NONE', #269 ) ;
#1387 = DIRECTION ( 'NONE',  ( 0.000000000000000000, 0.000000000000000000, -1.000000000000000000 ) ) ;
#1388 = CARTESIAN_POINT ( 'NONE',  ( -0.03400000000000000244, -0.02500600000000000045, -0.06958569652801169236 ) ) ;
#1389 = CIRCLE ( 'NONE', #510, 0.003349999999999999246 ) ;
#1390 = ORIENTED_EDGE ( 'NONE', *, *, #104, .F. ) ;
#1391 = NEXT_ASSEMBLY_USAGE_OCCURRENCE ( 'NAUO1', ' ', ' ', #886, #540, $ ) ;
ENDSEC;
END-ISO-10303-21;
